Source,Target
Alexander Markov,13th PURE DREAMS International
Rika Noguchi,55th Carnegie International
Setareh Shahbazi,98weeks Project Space
Eduard Puterbrot,AA
Daniel Garcia,Abbas Kiarostami
Rania Attieh,Abbas Kiarostami
Bob Landry,Abdul Aziz
David Douglas Duncan,Abdul Aziz
Fahda bint Saud,Abdul Aziz
Kassab Bachi,Abdul Hameed Shoman Foundation
Nasser Al Maimoon,Abdullah Riza
Saeed Salem,Abdul Latif
Samah Hijawi,Abdul Nasser
Abdulnasser Al-Amri,Abdulnasser Gharem
Kader Attia,Abraaj Art Capital
Hamra Abbas,Abraaj Capital
Jananne Al-Ani,Abraaj Capital
Wael Shawky,Abraaj Capital
Panos Tsagaris,Abrons Arts Center
Daniel Garcia,Abu Dhabi Film Festival
Rania Attieh,Abu Dhabi Film Festival
Luc Sante,Academy of Arts
Raffie Davtian,Academy of Arts
Ayman Ramadan,Academy of Art University
Erkka Nissinen,Academy of Fine Art
Shahriar Ahmadi,Academy of Fine Art
Abdulhalim Radwi,Academy of Fine Arts
Ayşe Erkmen,Academy of Fine Arts
Elias Zayat,Academy of Fine Arts
Fateh Moudarres,Academy of Fine Arts
Harun Farocki,Academy of Fine Arts
Leila Pazooki,Academy of Fine Arts
Mona Marzouk,Academy of Fine Arts
Nika Oblak,Academy of Fine Arts
Primož Novak,Academy of Fine Arts
Samira Badran,Academy of Fine Arts
Walid Siti,Academy of Fine Arts
Hiroyuki Masuyama,Academy of Media Arts
Hiroyuki Masuyama,Academy of the Arts
Adrian Paci,Accademia Carrara di Belle Arti
Keith Shiri,ACP
Meriç Algün Ringborg,Adam Carr
Adele Ne Jame,Adele NeJame
Melissa Chimera,Adele NeJame
Waheeda Malullah,Advertising and Marketing
Teboho Mahlatsi,Africa Cultural Centre
Keith Shiri,Africa Media Centre
Keith Shiri,Africa Movie Academy
Pouya Parsamagham,Ahmad Amin-Nazar
Lulwah Al-Homoud,Ahmed Moustafa
Fumito Urabe,Aichi Prefectural University of Fine Arts
Firoz Mahmud,Aichi Triennale
"Lúcia Koch ",Aichi Triennale
Ryoji Ikeda,Aichi Triennale
Walid Raad,AIF
Adrian Paci,Akademia e Arteve
Laurent Grasso,Akbank Sanat
Ahmed Felemban,Al-Aajam
Faisal Samra,Al-Adha
Abdullah Al Saadi,Al Ain
Samiah Khashoggi,Al-Alamya
Ziad Antar,al-Arabiya
Sulayman Al Bassam,al Athar
Mohammed Al Ghamdi,Al Baha
Musaed Alhulis,Al Baha
Ebtisam Abdulaziz,Al Bastakiya
Bijoy Jain,Albert Museum
Wissam Shawkat,Al Burda International
Ali Al-Tokhais,Al-Dawadmi
Mounir Al-Shaarani,Al Dirany
Jamal Al Kebasi,Al Dori
Manal Al Dowayan,Al-Dowayan
Tom Molloy,Aldrich Contemporary Art Museum
Yazan Khalili,Alessandro Petti
Mona Marzouk,Alexandria Contemporary Arts Forum
Zbyněk Baladrán,Alexandria Contemporary Arts Forum
Doa Aly,Aleya Hamza
Edward Said,Al Feneiq
Amino Belyamani,Alfred Ladzekpo
Isabel Aquilizan,Alfredo Juan
Isabel Aquilizan,Alfredo Juan Aquilizan
Ninar Esber,Al Funun
Rula Halawani,Al Funun
Hani Alireza,Al-Ghalayini
Eiman Elgibreen,Al Hada
Sulayman Al Bassam,Al-Hamlet
Jawad Al Malhi,Al Hoash
Sama Alshaibi,Al Hoash
Samira Badran,Al Hoash
Hiroyuki Masuyama,Alia Art Company
Mai Al Ibrashy,al-Ibrashy
Mai Al Ibrashy,Al-Ibrashy
Gilbert Hage,Alice Mogabgab
Huda Lutfi,al-Imam
Sulayman Al Bassam,al Islamiyyah
Mahdi Al Jeraibi,Al Jeraibi
Mahdi Al Jeraibi,Al-Jeraibi
Jamal Al Kebasi,Al Jubail
Khaled Hourani,Al Karmel Magazine
Abdullah Al-Mazrook,Al-Khobar
Abdullah Hammas,Al-Khobar
Ahmad Konash,Al-Khobar
Badriya Nasser,Al-Khobar
EFFAT ABDULLAH FADAG,Al-Khobar
Ghada Al-Hassan,Al-Khobar
Hussein Al-Mohasen,Al-Khobar
EFFAT ABDULLAH FADAG,Al-Khober
Taha Al-Sabban,Al Khozama
Ahmed Felemban,Al-Khuzaim
Nasser Al-Salem,al Kora University
Safeya Binzagr,Al-Mahmal
Jawad Al Malhi,Al Malhi
Waheeda Malullah,Al Manama
Ali Al-Ruzaiza,Al Mansouria
Mahdi Al Jeraibi,Al Mansouria
Faisal Samra,Al-Mansouria
Shadia Alem,Al-Mansouria
Taha Al-Sabban,Al-Mansouria
Abdullah Hammas,Al Mansouria Foundation
Taha Al-Sabban,Al Mansouria Foundation
Shadia Alem,Al-Mansouria Foundation
Khaled Hourani,Al Matal
Saud Al-Duribi,Al-Miftaha
Ahmad Angawi,Al Mizan
Abdullah Al-Ogaili,Al Mohtaraf
Kameel Hawa,Al-Mohtaraf
Marwan Rechmaoui,Al-Murr
Taysir Batniji,Al-Najah University
Nasser Al-Salem,Al Nasser
Susan Hefuna,Al Nitaq
Jawad Al Malhi,Al Qattan Foundation
Mohammed Kazem,Al Rayat Music School
Waheeda Malullah,Al Riwaq
Fayçal Baghriche,Al Riwaq Art Space
Mounira Al Solh,Al Riwaq Art Space
Abdullah Al-Ogaili,Al Salam
Mounir Al-Shaarani,Al Salamiya
Ahmed Felemban,Al-Saquabi
Baseem Al Sharqi,Al Sharqi
Halla Bint Khalid,Al Shuyook
Mounira Al Solh,Al Solh
Doris Bittar,Alternative Museum
Noha Faoud Al-Ghalib,Al-Thani
Ali Al-Ruzaiza,Al-Washim
Mustapha Benfodil,Al-Watan
Ana Vidigal,Amadeo de Souza-
Ziad Abillama,Amherst College
Ahmad Amin Nazar,Amin Nazar
Youssef Abdelkė,Amman Museum of Modern Art
Başak Ertür,Amnesty International and International
Lamya Gargash,Am Rein
Abdelkader Benchamma,AND Galeria
Meriç Algün Ringborg,Andreas Huber
Baseem Al Sharqi,Andy Warhol
Andreas Gursky,Andy Warhol Museum
"Angelica Mesiti ",Angelica Mesiti
Alfredo Aquilizan,Anglia Polytechnic University
Isabel Aquilizan,Anglia Polytechnic University
"Kamarstudios ",Aniko Boehler
Saloua Raouda Choucair,Ann Coxon
Meriç Algün Ringborg,Anne Barlow
Bahar Behbahani,Annual International
Rasheed Araeen,Anthony Caro
Doa Aly,Antje Weitzel
Lara Favaretto,Antonio Ratti
Marcel Odenbach,Anton Kern Gallery
Eungie Joo,Anton Vidokle
Yu-ichi Inoue,Aoyama Normal School
Eduard Puterbrot,AP
Sophie Ernst,Apeejay Media
Youssef Nabil,Aperture Foundation (New York)
Walid Raad,Arab
Youssef Abdelkė,Arab
Doris Bittar,"Arab "
Akram Zaatari,Arab Image Foundation
Lara Baladi,Arab Image Foundation
Setareh Shahbazi,Arab Image Foundation
Walid Raad,Arab Image Foundation
Ahmed Alsoudani,Arab Museum of Modern Art
Wafaa Bilal,Arab Museum of Modern Art
Zineb Sedira,Arab Museum of Modern Art
Doris Bittar,Arab National Museum
Youssef Abdelkė,Arab World Institute
Eyal Weizman,Architectural Association
Sophia Al Maria,Architectural Association School of Architecture
Eyal Weizman,Architecture
Mohamed Abdelkarim,Architecture
Yazan Khalili,Architecture
Samir Sayegh,Architecture and Graphic Design
Saba Innab,Architecture- Jordan University of Science
Arefeh Riahi,Architecture University
Enrique Ramirez,Arcos Institute
Ayreen Anastas,Argos
Doa Aly,Argos
Jalal Toufic,Argos
Melik Ohanian,Argos
Wafaa Bilal,Arizona State University
Mounira Al Solh,Arizona State University Art Museum
Larissa Sansour,Arken Museum
Thilo Frank,ARKEN Museum
Cesar Meneghetti,Armando Álvares Penteado Foundation
Sherin Guirguis,Armory Center
Doug Henders,Army
Hala Elkoussy,Arnolfini
Doa Aly,Arnolfini Museum
Sean Gullette,Aronofsky
Ryoji Ikeda,Ars Electronica Center
Maha Maamoun,ART
Elena Kovylina,Art Academy
Jenine Sharabi,Art and Design
Laurent Grasso,Art and Design
Nevin Aladag,Art and Design
Wafaa Bilal,Art and Design
Yuko Hasegawa,Art and Design
Elena Kovylina,Art and Media
Tintin Wulia,Art and Media
Agnes Janich,Art Centre
Waheeda Malullah,Art College
Fatima Al Qadiri,Art Dubai
Idris Khan,Art Dubai
Iman Issa,Art Dubai
Murtaza Vali,Art Dubai
Nadia Ayari,Art Dubai
Saddiek Mohammed Wasil,Art Dubai
Moayad Hakim,Art Education
Jananne Al-Ani,Arthur M. Sackler
Minouk Lim,Arthur M. Sackler
Pouran-Jinchi,Arthur M. Sackler
"Basim Magdy ",Art in General
Meriç Algün Ringborg,Art in General
Mona Marzouk,Art in General
"Apichatpong Weerasethakul ",Art Institute of Chicago
Işıl Eğrikavuk,Art Institute of Chicago
Shirin Neshat,Art Institute of Chicago
Hayv Kahraman,Artist Project
Fred Eerdekens,Arts & Design Faculty
Ahmed El Attar,Arts and Cultural Management
Shiro Takatani,Arts and Media
Heman Chong,Arts Centre
Samah Hijawi,Art School Palestine
David Spriggs,Arts Council Montreal
Rasheed Araeen,Arts Council of England
Julia Meltzer,Arts Fellowship Fund
Meriç Algün Ringborg,Art Society
Dirk Fleischmann,Artsonje Center
Jun Yang,Artsonje Center
Minouk Lim,Artsonje Center
"Angelica Mesiti ",Artspace
Steve Reinke,Art Theory & Practice
Shahriar Ahmadi,Art University
Javad Azimi,Art University of Tehran
Setareh Shahbazi,Asar Gallery
Liliana Porter,Ashgate Press
Wang Jianwei,Asia-Australia Arts Center
Ala Ebtekar,Asian
Yuko Hasegawa,Asian Art Council
Ala Ebtekar,Asian Art Museum
Pouran-Jinchi,Asian Art Museum
"Charwei Tsai ",Asian Art Museum of San Francisco
Firoz Mahmud,Asian Cultural Council
Yang Fudong,Asia Society
Ala Ebtekar,Asia Society Museum
Hamra Abbas,Asia Society Museum
Abdulhalim Radwi,Association of Arab
Saddek Wasil,Association of Culture
Alfredo Aquilizan,Assumption College
Isabel Aquilizan,Assumption College
Saloua Raouda Choucair,Atelier d’Art Abstrait
Hatem Imam,Atfal Ahdath
Vartan Avakian,Atfal Ahdath
Saddiek Mohammed Wasil,Athr Gallery
Walid Raad,Atlas Group
Ahmed Alsoudani,Auction
"Angelica Mesiti ",Australian Centre
Omar Rajeh,Autumn Dance
Raffie Davtian,Avant-garde Folk Music Club
Youssef Abdelkė,Ayyam Gallery
Niyaz-Azadikhah,Azadikhah
Ahmad Morshedloo,Azad University
Aneh Mohammad Tatari,Azad University
Elnaz Farajollahi,Azad University
Farshid Maleki,Azad University
Golnaz Fathi,Azad University
Omar Khayyam,Azad University
Peyman Hooshmandzadeh,Azad University
Simin Keramati,Azad University
Abdulhalim Radwi,BA
Abdullah Al Saadi,BA
Abdullah Al-Mazrook,BA
Abdulmajid Ali Al-Jarouf,BA
Ahmed El Attar,BA
Arefeh Riahi,BA
Elnaz Farajollahi,BA
Hala Elkoussy,BA
"Haroon Mirza ",BA
Jane & Louise Wilson,BA
Jenine Sharabi,BA
Jessica Mein,BA
Luz Maria Bedoya,BA
Maha Al-Khalawi,BA
Maha Malluh,BA
Mariam Ghani,BA
Mark Lombardi,BA
Meriç Algün Ringborg,BA
Mohamed Abdelkarim,BA
Mohsen Ahmadvand,BA
Mostafa Darehbaghi,BA
Neda Razavipour,BA
Nika Oblak,BA
Nikolaj Bendix,BA
Noha Al-Sharif,BA
Noura Bouzo,BA
Peyman Hooshmandzadeh,BA
Primož Novak,BA
Raana-Farnoud,BA
Raeda Ashour,BA
Ramtin Zad,BA
Salwa Aleryani,BA
Samiah Khashoggi,BA
Sara Naim,BA
Shahriar Ahmadi,BA
Shahrzad Changalvaee,BA
Shantia Zakerameli,BA
Sherin Guirguis,BA
Tagreed Al-Bagshi,BA
Walid Siti,BA
Yazan Khalili,BA
Yousef Jaha,BA
Yusef A. Lateef,Babatunde
Hamra Abbas,Babusch Project
Sophie Ernst,Babush Project
Rabih Mroué,BAC
Dia Al-Azzawi,Baghdad University
Meriç Algün Ringborg,Bahçesehir University
Zaman M Jassim,Bahrain Art Society
Jumana Emil Abboud,Bahrain National Museum
Waheeda Malullah,Bahrain University
Maalem Abdelkébir Merchane,Bakbou Sam
Saeed Salem,Balfaqih Visual Communication Consultants
Jesper Just,BALTIC Centre
Mona Marzouk,BALTIC Centre
Raqs Media Collective,BALTIC Centre
Youssef Nabil,BALTIC Centre
Khaled Jarrar,Barbican Centre
Reza Aramesh,Barbican Centre
Ryoji Ikeda,Barbican Centre
Jane & Louise Wilson,Barclays
Edward Said,Bard
Luc Sante,Bard College
Nida Sinnokrot,Bard College
Oraib Toukan,Bard College
Sharif Waked,Barjeel Art Foundation
Walid Siti,Barjeel Art Foundation
Manal Al Dowayan,Barjeel Foundation
Yusef A. Lateef,Barry Harris
David Spriggs,Bauhaus University
Zena el Khalil,BBC
Alfredo Aquilizan,BCA
Isabel Aquilizan,BCA
"Basir Mahmood ",Beaconhouse National University
Sophie Ernst,Beaconhouse National University
Ayreen Anastas,Beaver Group
Khaled Akil,Beirut Arab University
Ayreen Anastas,Beirut Art Center
Doa Aly,Beirut Art Center
Fouad Elkoury,Beirut Art Center
Graziella Rizkallah Toufic,Beirut Art Center
Jalal Toufic,Beirut Art Center
Jananne Al-Ani,Beirut Art Center
Lamia Joreige,Beirut Art Center
Melik Ohanian,Beirut Art Center
Rabih Mroué,Beirut Art Center
Sirine Fattouh,Beirut Art Center
Fouad Elkoury,Beirut-based Arab Image Foundation
Fouad Elkoury,Beirut City Centre
Saloua Raouda Choucair,Beirut Exhibition Center
Ahmad Ghossein,Beirut International
Basma Al Sharif,Beirut International
Omar Rajeh,Beirut International
Naeem Mohaiemen,Ben Davis
Yuko Hasegawa,Benesse Corporation
Jem Cohen,Benjamin Smoke
Lani Maestro,Beppu International
Judith Barry,Berardo Museum
Jane & Louise Wilson,Bergen Art Museum
Ala Ebtekar,Berkeley Art Museum
Tintin Wulia,Berklee College of Music
Keith Shiri,Berlinale World Cinema Fund
Artur Żmijewski,Berlin Biennial
Burak Arikan,Berlin Biennial
Haris Epaminonda,Berlin Biennial
Khaled Jarrar,Berlin Biennial
Mohamed Bourouissa,Berlin Biennial
Thomas Werner,Berlin Biennial
Žilnik Želimir,Berlin Film Festival
Keith Shiri,Berlin International
Mario Rizzi,Berlin International
Ayreen Anastas,Berlin Technical University
Leila Pazooki,Berlin University of Arts
Burak Arikan,Bethanien
Doa Aly,Bethanien
Haris Epaminonda,Bethanien
Iman Issa,Bethanien
Sherif El Azma,Bethanien
Meriç Algün Ringborg,Bettina Pehrsson
Khalil Rabah,Bezalel Academy
Raeda Saadeh,Bezalel Academy of Arts and Design
Kassab Bachi,Bibliothèque Nationale de France
Dirk Fleischmann,Bielefelder Kunstverein
Iman Issa,Bielefelder Kunstverein
Shafic Abboud,Biennale of Paris
Alfredo Aquilizan,Biennale of Sydney
Anawana Haloba,Biennale of Sydney
Hamra Abbas,Biennale of Sydney
Isabel Aquilizan,Biennale of Sydney
Jananne Al-Ani,Biennale of Sydney
Jayce Salloum,Biennale of Sydney
Meriç Algün Ringborg,Biennale of Sydney
Mona Hatoum,Biennale of Sydney
Raeda Saadeh,Biennale of Sydney
Adele Ne Jame,Biennial
Alberto Duman,Biennial
Basma Al Sharif,Biennial
Doa Aly,Biennial
Elena Kovylina,Biennial
Fateh Moudarres,Biennial
Firoz Mahmud,Biennial
Hamra Abbas,Biennial
Haris Epaminonda,Biennial
Jonathas de Andrade,Biennial
Juan Araujo,Biennial
Lani Maestro,Biennial
Larissa Sansour,Biennial
Lili Dujourie,Biennial
Maha Maamoun,Biennial
Maider López,Biennial
Mariam Ghani,Biennial
Michael Rakowitz,Biennial
Moataz Nasr,Biennial
Mona Hatoum,Biennial
N.S. Harsha,Biennial
Nida Sinnokrot,Biennial
Nika Oblak,Biennial
Primož Novak,Biennial
Sharif Waked,Biennial
Taus Makhacheva,Biennial
Valeska Soares,Biennial
Sirine Fattouh,Biennial of Contemporary Art in Bourges
Başak Ertür,Birkbeck College
Eyal Weizman,Birkbeck College
Adila Laidi-Hanieh,Birzeit University
Khalil Rabah,Birzeit University
Rula Halawani,Birzeit University
Yazan Khalili,Birzeit University
Shiro Takatani,Biwako Hall Center
Shilpa Gupta,Blandy-les-Tours
Valeska Soares,Blanton Museum of Art
Kassab Bachi,BM
Abdulnasser Al-Amri,BMG Foundation
Ghada Al-Hassan,BMG Foundation
Sophie Ernst,BMW
Theo Eshetu,Body & Soul
Jane & Louise Wilson,Bombardier
Elizabeth Peyton,Bonnefanten Museum
Meriç Algün Ringborg,Botin Foundation
Saâdane Afif,Bourges School of Fine Arts
Meriç Algün Ringborg,BR
Lara Baladi,Brancolini & Grimaldi Gallery
Naeem Mohaiemen,Brian Boucher
Mona Marzouk,Bride Stripped
Golnaz Fathi,Brighton & Hove Museum
Elena Kovylina,Brigitte Bardot
"Kamarstudios ",Brigitte Perkins
Derek Ogbourne,Brigitte Schenk
Shohreh Mehran,Brigitte Schenk
Ali Jabri,Bristol University
Shadia Alem,British Airways
Ahmad Amin Nazar,British Museum (London)
Ahmed Mater,British Museum (London)
Basmah Felemban,British Museum (London)
Golnaz Fathi,British Museum (London)
Hassan Massoudy,British Museum (London)
Lulwah Al-Homoud,British Museum (London)
Mounir Al-Shaarani,British Museum (London)
Ninar Esber,British Museum (London)
Sarah Al Abdali,British Museum (London)
Shadi Ghadirian,British Museum (London)
Walid Siti,British Museum (London)
Youssef Abdelkė,British Museum (London)
Youssef Nabil,British Museum (London)
"Basir Mahmood ",Broad Museum
Magdi Mostafa,Bronx Museum
Sama Alshaibi,Bronx Museum
Daniel Garcia,Brooklyn Art Council
Rania Attieh,Brooklyn Art Council
Jesper Just,Brooklyn Museum
Pouran-Jinchi,Brooklyn Museum
Doa Aly,Busan Biennale
Heman Chong,Busan Biennale
Liu Wei,Busan Biennale
Moataz Nasr,Busan Biennale
Nika Oblak,Busan International
Primož Novak,Busan International
Hassan Sharif,Byam Shaw School of Art
Mona Hatoum,Byam Shaw School of Art
Eyal Weizman,Cabinet
Fateh Moudarres,Cairo Biennial
Lara Baladi,Cairo Biennial
Moataz Nasr,Cairo Biennial
Youssef Abdelkė,Cairo Biennial
Mai Al Ibrashy,Cairo Cemetery Salvage Project
Mohamed Abdelkarim,Cairo-Documenta
Ahmed El Attar,Cairo International
Waheeda Malullah,Cairo Opera House
Farhad Moshiri,CalArts
"Sille Storihle ",CalArts
Thilo Frank,Calder Saché
Doris Bittar,California Arts Council
Harrell Fletcher,California College of the Arts
Sherin Guirguis,California Community Foundation
Farhad Moshiri,California Institute of the Arts
Tiffany Chung,California State University
Golnaz Fathi,Calligraphy Association of Iran
Alberto Duman,Camberwell College of Art
Simon Fujiwara,Cambridge University
"Haroon Mirza ",Camden Arts Centre
Sherif El Azma,Camden Arts Centre
Yuk King Tan,Camden Arts Centre
Manal Al Dowayan,Camille Zakharia
Mona Marzouk,Canary Islands Biennale
Agnes Janich,Can Serrat International
Ahmed Alsoudani,Canvas Magazine
Melissa Chimera,Capital One
Carlos  Amorales,Carlos Amorales
Yang Fudong,Carnegie International
Wafaa Bilal,Carnegie Mellon School of Art
Golnaz Fathi,Carnegie Mellon University
Kassab Bachi,Carnegie Museum of Art
Rika Noguchi,Carnegie Museum of Art
Trisha Donnelly,Carnegie Museum of Art
Lamia Joreige,Carpenter Center
Bahar Behbahani,Carrie Springer
Jawad Al Malhi,Cartier
Hiroyuki Masuyama,Caspar David Friedrich
Ramin Haerizadeh,Cassia Assia
Youssef Nabil,Catherine Deneuve
Meriç Algün Ringborg,CCA
Ayreen Anastas,CCA Glasgow
Meriç Algün Ringborg,CCA Wattis Institute
Meriç Algün Ringborg,Cecilia Widenheim
Zhang Hui,Central Drama Academy
David Spriggs,Central Saint Martins College of Art and Design
Lamya Gargash,Central Saint Martins School of Art
Samah Hijawi,Central Saint Martins School of Art
Lulwah Al-Homoud,Central St Martins College of Art
Doa Aly,Centre d'Art Contemporain
Mouna Karray,Centre d’Art Vivant at Rades (Tunisia)
Eyal Weizman,Centre for Research Architecture
Yazan Khalili,Centre for Research Architecture
Ahmed Mater,Centre Pompidou (Paris)
Akram Zaatari,Centre Pompidou (Paris)
Alexandar Ugay,Centre Pompidou (Paris)
"Angelica Mesiti ",Centre Pompidou (Paris)
Anri Sala,Centre Pompidou (Paris)
"Basim Magdy ",Centre Pompidou (Paris)
Bjørn Melhus,Centre Pompidou (Paris)
Carsten Höller,Centre Pompidou (Paris)
Edward Said,Centre Pompidou (Paris)
Fouad Elkoury,Centre Pompidou (Paris)
Hans Haacke,Centre Pompidou (Paris)
Ismaïl Bahri,Centre Pompidou (Paris)
Liu Wei,Centre Pompidou (Paris)
Melik Ohanian,Centre Pompidou (Paris)
Mona Hatoum,Centre Pompidou (Paris)
mounir fatmi,Centre Pompidou (Paris)
Nil Yalter,Centre Pompidou (Paris)
Omar Berrada,Centre Pompidou (Paris)
Rabih Mroué,Centre Pompidou (Paris)
Reem Al Ghaith,Centre Pompidou (Paris)
Shimabuku,Centre Pompidou (Paris)
Steve Reinke,Centre Pompidou (Paris)
Yazid Oulab,Centre Pompidou (Paris)
Yto Barrada,Centre Pompidou (Paris)
Ziad Antar,Centre Pompidou (Paris)
Zineb Sedira,Centre Pompidou (Paris)
Yuko Hasegawa,Century
Kazuyo Sejima,Century Museum of Contemporary Art
Yuko Hasegawa,Century Museum of Contemporary Art
Zbyněk Baladrán,Chamber of Public Secrets
Shiro Takatani,Chambre Claire
Doa Aly,Chang Tsong-zung
Dirk Fleischmann,Charles Lim
Yusef A. Lateef,Charles Mingus
Ahmad Morshedloo,Chelsea Art Museum
Ala Ebtekar,Chelsea Art Museum
Leila Pazooki,Chelsea Art Museum
Nikolaj Bendix,Chelsea College of Art
Haris Epaminonda,Chelsea College of Art and Design
"Haroon Mirza ",Chelsea College of Art and Design
Maider López,Chelsea College of Art and Design
Rana Begum,Chelsea College of Art and Design
Panos Tsagaris,Chelsea Hotel
Dirk Fleischmann,Cheongju University
Chai Siri,Chiang Mai University
Romeo Castellucci,Chiara Guidi
N.S. Harsha,Chicago Cultural Center
Wafaa Bilal,Chicago Tribune
Liu Wei,China Academy of Art
Wang Jianwei,China Academy of Art
Yang Fudong,China Academy of Art
Waheeda Malullah,China International
Jun Yang,Chiyoda
Doa Aly,Chris Dercon
Steve Reinke,Chris Gehman
Abdelkader Benchamma,Christian Bernard
Kazuyo Sejima,Christian Dior
Ammar Bouras,Christian Lecompte
Monika Börgmann,Christian Phalange
Eva Meyer-Keller,Christine De Smedt
Jenine Sharabi,Christophers School
Carlos  Amorales,Cincinnati Art Center
Alexander Markov,Cinema and Television
Alexander Markov,Cinema History Department
Rashid Masharawi,Cinema Production Centre
Jawad Al Malhi,Cité
Faisal Samra,Cité International
Jawad Al Malhi,Cité International
Mohamed El Mahdaoui,Cité Internationale des Arts
Mouna Karray,Cite Internationale des Arts (Paris)
Rania Attieh,City College of New York
Rula Halawani,City Museum
Liliana Porter,City University of New York
Mouna Karray,Civitella Ranieri Foundation (Umbria
Ziad Dalloul,Claude Bernard
Shafic Abboud,Claude Monet
Edward Said,Claus Prize
Zena el Khalil,CNN
Jayce Salloum,Coach House Press
Hassan Hajjaj,Coca-Cola
Sherin Guirguis,College of Creative Studies
Adel Abdessemed,College of Fine Art
Ola Hejazi,College of London
Eduardo Terrazas,Columbia University
Edward Said,Columbia University
Iman Issa,Columbia University
Ahmed Alsoudani,Columbus Museum of Art
Lamya Gargash,Communication
Suzanne Cotter,Communication
Heman Chong,Communication Art and Design
Lamya Gargash,Communication Design
David Spriggs,Concordia University
Haig Aivazian,Concordia University
Lani Maestro,Concordia University
Wafa Karsha,Congress
Sam Shalabi,Constellation Records
Giuseppe Moscatello,Contemporanea
Adel Abdessemed,Contemporary
Doa Aly,Contemporary
Meriç Algün Ringborg,Contemporary
Shilpa Gupta,Contemporary
Eungie Joo,Contemporary Art and Multicultural Education
Nil Yalter,Contemporary Art Center
Ninar Esber,Contemporary Art Center
Shilpa Gupta,Contemporary Art Center Cincinnati
Adel Abdessemed,Contemporary Art Centre
Doa Aly,Contemporary Art Forum
Meriç Algün Ringborg,Contemporary Art Gallery
Fumito Urabe,Contemporary Art Museum
Setareh Shahbazi,Contemporary Arts Forum
Musaed Alhulis,Contemporary Islamic Art Exhibition
Gabriela Golder,CONTINENTE Research Center
Shahzia Sikander,Cooper Hewitt National Design
Doug Ashford,Cooper Union
Hans Haacke,Cooper Union
Mariam Ghani,Cooper Union
Rayyane Tabet,Cooper Union
Laurent Grasso,Cooper Union School
Eduardo Terrazas,Cornell University
Murtaza Vali,Cornell University
Amina Menia,Cornerhouse
Imran Qureshi,Corvi Mora
Rashid Masharawi,CPC
Michael Rakowitz,Creative Capital
Jamal Al Kebasi,Creative Design
João Vasco Paiva,Creators Project
Setareh Shahbazi,Crystal Series
Alfredo Aquilizan,Cultural Center
Isabel Aquilizan,Cultural Center
Yuko Hasegawa,Cultural District Authority
Raffie Davtian,Cultural Studies Laboratory
Abdullah Nawawi,Culture
Yuko Hasegawa,Culture Centre
Yusef A. Lateef,Curtis Fuller
Ayreen Anastas,DAAD
Hamra Abbas,DAAD
Hiroyuki Masuyama,DAAD
Jalal Toufic,DAAD
Karin Sander,DAAD
Eduard Puterbrot,Dagestan Museum of Fine Art
Saeed Salem,Daihatsu
N.S. Harsha,Daimler
Meriç Algün Ringborg,Daniel Birnbaum
Rania Attieh,Daniel Garcia
Sean Gullette,Daniel Shore
Rimini Protokoll,Daniel Wetzel
Ahaad Alamoudi,Dar Al Hekma
Maha Al-Khalawi,Dar Al Hekma
Samiah Khashoggi,Dar Al Hekma College
Sarah Al Abdali,Dar Al Hekma College
Hrair Sarkissian,Darat al Funun
Jananne Al-Ani,Darat al Funun
Jumana Emil Abboud,Darat al Funun
Kassab Bachi,Darat al Funun
Rayyane Tabet,Darat al Funun
Doa Aly,Darat Al-Funun
Amino Belyamani,Darek Oles
Sean Gullette,Darren Aronofsky
Panos Tsagaris,Davide Balliano & Panos Tsagaris
Sam Shalabi,David Kristian
Youssef Nabil,David Lachapelle
Heman Chong,David Reinfurt
Marie-Hélène Cauvin,David Rockefeller Center
Julia Meltzer,David Thorne
Bae Young-whan,de Appel Arts Centre
Sahand Hesamiyan,Delfina Entrecanales
Abbas Akhavan,Delfina Foundation
Ammar Al Attar,Delfina Foundation
Jawad Al Malhi,Delfina Foundation
Manal Al Dowayan,Delfina Foundation
Waheeda Malullah,Delfina Foundation
Yazan Khalili,Delfina Foundation
Abbas Akhavan,Delfina Foundation (Dubai
Giuseppe Moscatello,della Sapienza
Samiah Khashoggi,De Montfort College
Sama Alshaibi,Denmark & Helsinki
Ebtisam Abdulaziz,Denmark National Museum
Hatem Imam,Department of Architecture
Mai Al Ibrashy,Department of Architecture
Ala Ebtekar,Department of Art
Edgar Endress,Department of Art
Gulnara Kasmalieva,Department of Graphics
Muratbek Djumaliev,Department of Graphics
Samir Sayegh,"Department of the "
Yazid Oulab,des Abattoirs
Haris Epaminonda,Deste Foundation
Yusef A. Lateef,Detroit Symphony Orchestra
Ala Ebtekar,Deutsche Bank
Amar Kanwar,Deutsche Guggenheim
Matt Saunders,Deutsche Guggenheim
Raqs Media Collective,Devi Art Foundation
Firoz Mahmud,Dhaka University
"Jean-Luc Moulène ",Dia
Ana Torfs,Dia Art Foundation
"Jean-Luc Moulène ",Dia Art Foundation
Liliana Porter,Dia Art Foundation
Ahmed Felemban,Dia Aziz Dia
Maha Al-Khalawi,Dia Aziz Dia
Shadi Ghadirian,DIFC
Fatima Al Qadiri,DIS Magazine
Yusef A. Lateef,Dizzy Gillespie Orchestra
Jem Cohen,DJ Rupture
Gulnara Kasmalieva,Djumaliev
Yuko Hasegawa,DNA
Alfredo Jaar,Documenta
Amar Kanwar,Documenta
"Apichatpong Weerasethakul ",Documenta
CAMP,Documenta
Cevdet Erek,Documenta
Gabriel Lester,Documenta
Jalal Toufic,Documenta
Lili Dujourie,Documenta
Mona Hatoum,Documenta
Pascale Marthine Tayou,Documenta
Ravi Agarwal,Documenta
Saâdane Afif,Documenta
Sheela Gowda,Documenta
Simryn Gill,Documenta
Walid Raad,Documenta
Wang Jianwei,Documenta
Yang Fudong,Documenta
Yu-ichi Inoue,Documenta
Yusef A. Lateef,Donald Byrd
YOVO! YOVO!,Doris Margarete
Naeem Mohaiemen,Doug Ashford
Mark Lombardi,Drawing Center
Susan Hefuna,Drawing Center
Ammar Al Attar,Dubai Culture and Arts Authority
Keith Shiri,Dubai International Film Festival
Khaled Jarrar,Dubai International Film Festival
Jessica Mein,Duke University
Lili Dujourie,Dundee Contemporary Arts Centre
Rasheed Araeen,East London University
Meriç Algün Ringborg,EC
Saloua Raouda Choucair,École des Beaux-Arts
Faisal Samra,Ecole National
Neda Razavipour,Ecole National
YOVO! YOVO!,École Nationale des Arts Décoratifs
Abdelkader Benchamma,École Supérieure des Beaux Arts de Paris
Niyaz-Azadikhah,Eden
Panos Tsagaris,EDEN
Abdulaziz Ashour,Edge of Arabia
Ahmed Mater,Edge of Arabia
Ayman Yossri Daydban,Edge of Arabia
Faisal Samra,Edge of Arabia
Lulwah Al-Homoud,Edge of Arabia
Manal Al Dowayan,Edge of Arabia
Manal Dowayan,Edge of Arabia
Shadia Alem,Edge of Arabia
Yazan Khalili,Edge of Arabia
Yousef Jaha,Edge of Arabia
CAMP,Edgware Road Project
Wael Shawky,Edgware Road Project
Doa Aly,Edit Molnar
Başak Ertür,Edward Said
Eyal Weizman,Edward Said
David Douglas Duncan,Edward Steichen
Andrés Denegri,Electronic Arts
Yto Barrada,Ellen Auerbach
Sean Gullette,Emile Hirsch
David Spriggs,Emily Carr Institute of Art & Design
Panos Tsagaris,Emily Carr Institute of Art & Design
Barry Doupé,Emily Carr University
Murtaza Vali,Emily Jacir
Hassan Sharif,Emirates Fine Art Society
Mohammed Kazem,Emirates Fine Arts Society
Nasir Nasrallah,Emirates Fine Arts Society
Reem Al Ghaith,Emirates Palace Hotel
Mariam Ghani,Erin Ellen Kelly
Yusef A. Lateef,Ernie Farrell
Shohreh Mehran,Etemad Gallery
Mohamed Bourouissa,Eugene Delacroix
Agnes Janich,European Academy of Photography
Julia Meltzer,European Media
Raeda Saadeh,European Parliament
Jun Yang,European Union
Sara Ramo,Eva Klabin
Nil Yalter,Fabienne Dumont
Giuseppe Moscatello,Fabio Mauri
Ahmed Foula,Faculty of Fine Arts
Elias Zayat,Faculty of Fine Arts
Fateh Moudarres,Faculty of Fine Arts
Maider López,Faculty of Fine Arts
Mohsen Ahmadvand,Faculty of Fine Arts
N.S. Harsha,Faculty of Fine Arts
Shahrzad Changalvaee,Faculty of Fine Arts
Youssef Abdelkė,Faculty of Fine Arts
Ziad Dalloul,Faculty of Fine Arts
Ala Ebtekar,Farjam Collection
Golnaz Fathi,Farjam Collection
Pouran-Jinchi,Farjam Collection
Wissam Shawkat,Farjam Collection
Pouya Parsamagham,Farshid Maleki
Pouran-Jinchi,Federal Reserve Bank
Saloua Raouda Choucair,Fernand Léger
Basma Al Sharif,Festival International
Shafic Abboud,FIAC
Teboho Mahlatsi,Film & Television Course
Rania Attieh,Film and Television
Khalil Rabah,Fine
Nargess Hashemi,Fine
Bahman Mohassess,Fine Art Academy
Sara Naim,Fine Art Media
Fahd Al-Hijilan,Fine Arts Advisory Committee
Khaled Hourani,Fine Arts Department
Nadia Ayari,Fine Arts Work Center
Mohamed Bourouissa,Finish Museum of Photography
Josephine Meckseper,FLAG Art Foundation
Susan Hefuna,Florence Guerlain
Mohamed Bourouissa,Florence Paradéis
Liliana Porter,Florencia Bazzano-
Setareh Shahbazi,Fondation Cartier
Nil Yalter,Fonds national d’art contemporain
Samira Badran,Foreign Ministry
Hrair Sarkissian,FotoMuseum
Samer Omran,Fourteenth Damascus International
Liliana Porter,Fox
Fernando José Pereira,Franca de Xira
Meriç Algün Ringborg,Francesca Minini
Carsten Nicolai,Frank Bretschneider
Meriç Algün Ringborg,Fredrik Liew
Susan Hefuna,Fred Tomaselli
Akram Zaatari,French Cinemathèque
Nil Yalter,French National Library
Susan Hefuna,Freud Museum
Pouya Parsamagham,Fribourg International
Ola Hejazi,Frida Kahlo
Jawad Al Malhi,Frieze Foundation
Meriç Algün Ringborg,Frutta Gallery
Shiro Takatani,Fujiko Nakaya
Rasheed Araeen,Fukukoa Art Museum
Rasheed Araeen,Fukuoka Art Museum
Imran Qureshi,Fukuoka Asian Art Museum
Luz Maria Bedoya,Gabriela Mistral
Meriç Algün Ringborg,Galerie
Abdelkader Benchamma,Galerie du Jour
Panos Tsagaris,Galerie Michel Rein
Meriç Algün Ringborg,Galerie Nordenhake
Setareh Shahbazi,Galerie Sfeir-Semler
Meriç Algün Ringborg,Galeri NON
Meriç Algün Ringborg,Galleri Mejan
Farshid Maleki,Gallery Isabelle van den Eynde
Haleh Redjaian,Gallery Isabelle van den Eynde
Hesam Rahmanian,Gallery Isabelle van den Eynde
Jessica Mein,Gallery Isabelle van den Eynde
Lara Baladi,Gallery Isabelle van den Eynde
Nargess Hashemi,Gallery Isabelle van den Eynde
Niyaz-Azadikhah,Gallery Isabelle van den Eynde
Iman Raad,Gallery IVDE
Ramin Haerizadeh,Gallery IVDE
Doa Aly,Gao Shiming
Pascale Marthine Tayou,Garage Center
Melissa Chimera,Garden Isle Arts Council
Yusef A. Lateef,GA Symphony Orchestra
Meriç Algün Ringborg,Gävle Konstcentrum Library
Akram Zaatari,Gawangju
Bill Meyers,GDR
Jürgen Böttcher,GDR
Raeda Saadeh,GEMAK Museum
Ana Torfs,Generali Foundation
Oraib Toukan,Geography and Information Systems
Nevin Aladag,George Maciunas
Adila Laidi-Hanieh,George Mason University
Edgar Endress,George Mason University
Laurent Grasso,Georges Pompidou Centre
Pascal Hachem,Georges Pompidou Centre
Tanbak,Georgetown University
Sulayman Al Bassam,Georgina Van Welie
Carlos  Amorales,Gerrit Rietveld Academie
Mounira Al Solh,Gerrit Rietveld Academy
Mounir Al-Shaarani,Gezira Art Center
Marcel Odenbach,Gisela Capitain
Rosalind Nashashibi,Glasgow School of Art
Edward Said,Global Art Forum
Murtaza Vali,Global Art Forum
Saddek Wasil,Global Foundation
Reza Aramesh,Goldsmith College
Eyal Weizman,"Goldsmiths, University of London"
Sophia Al Maria,"Goldsmiths, University of London"
Hala Elkoussy,Goldsmiths College
"Haroon Mirza ",Goldsmiths College
Taus Makhacheva,Goldsmiths College
Thomas Demand,Goldsmiths College
Yazan Khalili,Goldsmiths College
Jane & Louise Wilson,Goldsmiths College of Art
Bob Landry,Google
"Lúcia Koch ",Göteborg International
José Luis Martinat,Göteborg Museum of Art
José Luis Martinat,Göthenburg
Raafat Ishak,Government
Elnaz Farajollahi,Graphic Design
Farshid Maleki,Graphic Design
Iman Raad,Graphic Design
Jenine Sharabi,Graphic Design
Nastaran Safaei,Graphic Design
Ramtin Zad,Graphic Design
Salwa Aleryani,Graphic Design
Shahrzad Changalvaee,Graphic Design
Marcel Odenbach,Grassi Museum
Ayman Yossri Daydban,Greenbox Museum
Hu Xiangqian,Guangzhou Academy of Fine Arts
Liliana Porter,Guggenheim
Luc Sante,Guggenheim
Maider López,Guggenheim
Walid Raad,Guggenheim
Suzanne Cotter,Guggenheim Abu Dhabi Project
Jane & Louise Wilson,Guggenheim Bilbao
Julia Meltzer,Guggenheim Foundation
Emily Jacir,Guggenheim Museum
Jane & Louise Wilson,Guggenheim Museum
Karin Sander,Guggenheim Museum
Rika Noguchi,Guggenheim Museum
Sharif Waked,Guggenheim Museum
Shilpa Gupta,Guggenheim Museum
Valeska Soares,Guggenheim Museum
Yuko Hasegawa,Guggenheim Museum
Alberto Duman,Guggenheim Walthamstow
Mounira Al Solh,Guild Art Gallery
Raed Yassin,Guild Art Gallery
Muratbek Djumaliev,Gulnara Kasmalieva
Mona Hatoum,Guy Brett
Rasheed Araeen,Gwangju
Alfredo Aquilizan,Gwangju Biennale
Bae Young-whan,Gwangju Biennale
CAMP,Gwangju Biennale
Iman Issa,Gwangju Biennale
Isabel Aquilizan,Gwangju Biennale
Jun Yang,Gwangju Biennale
mounir fatmi,Gwangju Biennale
Rabih Mroué,Gwangju Biennale
Rasheed Araeen,Gwangju Biennale
Shilpa Gupta,Gwangju Biennale
Sophia Al Maria,Gwangju Biennale
Tintin Wulia,Gwangju Biennale
Wang Jianwei,Gwangju Biennale
Dirk Fleischmann,Gwangju Design
Fatima Al Qadiri,Gwangju Design
Mona Marzouk,Gwanju Biennale
Meriç Algün Ringborg,Habib Engqvist
Eungie Joo,Haegue Yang
Gabriel Lester,Hague Gemeente Museum
Sharif Waked,Haifa University
Carsten Höller,Hamburger Bahnhof Museum
Mona Hatoum,Hamburger Kunsthalle
Simon Fujiwara,Hamburger Kunsthalle
Chai Siri,Hamburg International
Lara Favaretto,Hamilton Fulton Visiting
Bob Landry,Hamlin Baker
Latifa Echakhch,Hammer Museum
Runa Islam,Hammer Museum
Wael Shawky,Hammer Museum
Simone Fattal,Hans Spinner
Rika Noguchi,Hara Museum of Contemporary Art
Lani Maestro,Harbour Magazine
Andrei Ujică,Harun Farocki
Harun Farocki,Harvard
Standish Lawder,Harvard
Abdul Ghafur Sheikh,Harvard Business School
Noura Bouzo,Harvard Business School
Abdelfattah Kilito,Harvard University
Lamia Joreige,Harvard University
Marie-Hélène Cauvin,Harvard University
Rashid Masharawi,Harvard University
Wafaa Bilal,Harvard University
Jamal Al Kebasi,Hashim Mohammad Al
Amino Belyamani,Hassan Hakmoun
Mohammed Kazem,Hassan Sharif
Atfal Ahdath,Hatem Imam
Doa Aly,Haus Der Kunst
Mounira Al Solh,Haus Der Kunst
Kader Attia,Havana Biennale
Yonamine,Havana Biennale
Carlos  Amorales,Havana Biennial
Jayce Salloum,Havana Biennial
Mona Marzouk,Havana Biennial
Taysir Batniji,Havana Biennial
Adele Ne Jame,Hawaii Pacific University
Yang Shaobin,Hebei Institute of Light Industry
Simryn Gill,Heide Museum
Meriç Algün Ringborg,Helena Holmberg
Elena Kovylina,Helsinki Academy of Art Gallery
Hasan and Husain Essop,Helsinki Art Museum
"Basim Magdy ",Helwan University
Ibrahim Abumsmar,Helwan University
Magdi Mostafa,Helwan University
Moayad Hakim,Helwan University
Mohamed Abdelkarim,Helwan University
Haleh Redjaian,Henry Kleine
Almagul Menlibayeva,Herbert F. Johnson
Pouran-Jinchi,Herbert F. Johnson
Yusef A. Lateef,Herbie Fields
Huda Totonji,Her George Mason University
N.S. Harsha,Hermes
Minouk Lim,Hermés Korea Foundation
Jesper Just,Herning Museum of Contemporary Art
Iman Raad,Hesign Publishing & Design
Rania Moudaress,Higher Institute of Drama
Samer Omran,Higher Institute of Dramatic Arts
Noma Omran,Higher Institute of Music
Eva Meyer-Keller,High School
Karin Sander,Hirshhorn Museum
Shahzia Sikander,Hirshhorn Museum
Valeska Soares,Hirshhorn Museum
Alan Bishop,His Abduction Records
Kassab Bachi,Hochschule der Künste
Thomas Werner,Hochschule der Künste
YOVO! YOVO!,Hochschule für bildende Künste
"Basir Mahmood ",Hong-Gah Museum
Bae Young-whan,Hongik University
Lee Kit,Hong Kong Art Centre
Amino Belyamani,Houman Pourmehdi
Agnes Janich,House
Akram Zaatari,House
Gilbert Hage,House
Haytham el Wardany,House
Kazuyo Sejima,House
Lamya Gargash,House
Meriç Algün Ringborg,House
Muhamad Haider,House
N.S. Harsha,House
Noha Faoud Al-Ghalib,House
Rabih Mroué,House
Raeda Saadeh,House
Reem Al Ghaith,House
Sherif El Azma,House
Steve Reinke,House
Taha Al-Sabban,House
Huda Totonji,Huda Totonja
Yusef A. Lateef,Hugh Lawson
Emily Jacir,Hugo Boss
Yuko Hasegawa,Hugo Boss
Alfredo Jaar,Human
Khalil Rabah,Humankind
Edward Said,Human Rights Project
Laurent Grasso,Hunter College
Jessica Mein,Hunter College (New York)
Raafat Ishak,Ian Potter Museum of Art
Marilou Lemmens,Ibghy
Iman Issa,ICA
Kader Attia,ICA
Reza Aramesh,ICA
Panos Tsagaris,Imperial Belvedere Palace Museum
Rosalind Nashashibi,Imperial War Museum
Walid Siti,Imperial War Museum
Simon Fujiwara,Incest Museum
Tiffany Chung,Incheon International
Mark Lombardi,Independent Curators Inc
Alfredo Jaar,Indianapolis Museum of Art
Mohamed Abdelkarim,Indus Valley School of Art
Eyal Weizman,Inflexions
Abdullah Nawawi,Information
Valia Fetisov,Infusion and Media
Faisal Samra,Institut du Monde Arabe
Fateh Moudarres,Institut du Monde Arabe
Fouad Elkoury,Institut du Monde Arabe
Jumana Emil Abboud,Institut du Monde Arabe
Larissa Sansour,Institut du Monde Arabe
Rula Halawani,Institut du Monde Arabe
Taysir Batniji,Institut du Monde Arabe
Ziad Dalloul,Institut du Monde Arabe
Youssef Nabil,Institut du Monde Arabe (Paris)
Adel Abdessemed,Institute of Art
Carsten Höller,Institute of Contemporary Art
Gilbert Hage,Institute of Contemporary Art
Iman Issa,Institute of Contemporary Arts
Tintin Wulia,Institute of Contemporary Arts
Dia Al-Azzawi,Institute of Fine Arts
Firoz Mahmud,Institute of Fine Arts
Walid Siti,Institute of Fine Arts
Mohamed El Mahdaoui,Institut National des Beaux-Arts de Tétouan
Khaled Hourani,International Academy of Art
Khaled Jarrar,International Academy of Art Palestine
Yazan Khalili,International Academy of Art Palestine
Yuko Hasegawa,International Arts Advisory Council
Doa Aly,International Center of Photography
Luc Sante,International Center of Photography
Maha Maamoun,International Center of Photography
Yto Barrada,International Center of Photography
Yto Barrada,International Centre of Photography
Meriç Algün Ringborg,International Moscow Biennale for Young Art
Wafaa Bilal,Inter-Society for the Electronic Arts
Yuko Hasegawa,Inujima House Project
Wissam Shawkat,Iraq Calligraphy Society
Walid Siti,Iraq Memory Foundation
Alfredo Aquilizan,Isabel Aquilizan
Simryn Gill,Isabel Carlos
Yonamine,Isabel Carlos
Lara Favaretto,Isabella Stewart Gardner Museum
Raqs Media Collective,Isabella Stewart Gardner Museum
Wafaa Bilal,ISEA
Shantia Zakerameli,Isfahan University of Art
EFFAT ABDULLAH FADAG,Islamic Art Department
Sharif Waked,Israel Museum
Cevdet Erek,Istanbul Biennial
Doa Aly,Istanbul Biennial
Edward Said,Istanbul Biennial
Hala Elkoussy,Istanbul Biennial
Hamra Abbas,Istanbul Biennial
Hrair Sarkissian,Istanbul Biennial
Işıl Eğrikavuk,Istanbul Biennial
Jumana Emil Abboud,Istanbul Biennial
Karin Sander,Istanbul Biennial
Larissa Sansour,Istanbul Biennial
"Lúcia Koch ",Istanbul Biennial
Meriç Algün Ringborg,Istanbul Biennial
Michael Rakowitz,Istanbul Biennial
Mounira Al Solh,Istanbul Biennial
Nevin Aladag,Istanbul Biennial
Ninar Esber,Istanbul Biennial
Rabih Mroué,Istanbul Biennial
Shahzia Sikander,Istanbul Biennial
Tintin Wulia,Istanbul Biennial
Wael Shawky,Istanbul Biennial
Burak Arikan,Istanbul Bilgi University
Işıl Eğrikavuk,Istanbul Bilgi University
Burak Arikan,Istanbul Design
Lani Maestro,Istanbul International
Nil Yalter,Istanbul Modern
Adrian Paci,IUAV
Ali Jabri,Jabri Human Heritage Foundation
Shalima Sharbatli,Jacoba van Heemskerk
Meriç Algün Ringborg,Jacob Fabricius
Oraib Toukan,Jacob Javitz
Naeem Mohaiemen,Jacques Rancière
Ramtin Zad,Jahad University
"SUPERFLEX ",Jakob Fenger
Gilbert Hage,Jalal Toufic
Graziella Rizkallah Toufic,Jalal Toufic
Omar Berrada,Jalal Toufic
Ala Ebtekar,James Gallery
Eyal Weizman,James Stirling Memorial
Marcel Odenbach,James Thomson Art Center
Shahrzad Changalvaee,Jamm Art Foundation
Noma Omran,Janáček Institute
Jane & Louise Wilson,Jane Wilson
Meriç Algün Ringborg,Jan Hoet
Nika Oblak,Japan Media
Primož Novak,Japan Media
Youssef Nabil,Jean-Paul Gaultier
Maalem Abdelkébir Merchane,Jean Philippe Rykiel
Abdulnasser Al-Amri,Jeddah Hilton Hotel
Noha Al-Sharif,Jeddah School of Fine Arts
Meriç Algün Ringborg,Jens Hoffmann
Sean Gullette,Jeremy Irons
Eva Meyer-Keller,Jerome Bel
Saloua Raouda Choucair,Jessica Morgan
Noma Omran,Ji
Seigen Ono,Joe Jackson
Meriç Algün Ringborg,Johannes Lekkerkerk
Seigen Ono,John Zorn
Jane & Louise Wilson,Jordanstone College of Art
Marcel Odenbach,Joseph Beuys
Solange Farkas,Joseph Beuys
Marcel Odenbach,Jüdisches Leben
Başak Ertür,Judith Butler
Meriç Algün Ringborg,Julia Greber
Meriç Algün Ringborg,Juliana Engberg
Carlos  Amorales,Julian Lede
Jessica Mein,Julia Stoschek
Jessica Mein,Julia Stoschek Foundation (Germany)
Abbas Kiarostami,Juliette Binoche
"Sille Storihle ","Jumana Manna "
Hans Haacke,June Paik
Solange Farkas,June Paik
Heman Chong,June Paik Art Center
Fred Eerdekens,K. Ghent
Setareh Shahbazi,Kadist
Heman Chong,Kadist Art Foundation
Rasheed Araeen,Kala Press
Hrair Sarkissian,Kalfayan Galleries
Panos Tsagaris,Kalfayan Galleries
Ahmed Felemban,Kamal Al-Muallim
Zineb Sedira,Kamel Mennour
Eungie Joo,Kara Walker
Maalem Abdelkébir Merchane,Karim Ziad
Carsten Nicolai,Karl-Marx-
Setareh Shahbazi,Karlsruher Kunstverein
Andrei Ujică,Karlsruhe University of Arts
Muratbek Djumaliev,Kasmalieva
Susan Hefuna,Katara Arts Center
Yuko Hasegawa,Kazuyo Sejima Spatial Design
Ahmed El Attar,K Darwin
Eungie Joo,Keith Haring
Elizabeth Peyton,Kemper Art Museum
Youssef Nabil,Kennedy Centre (Washington)
Yusef A. Lateef,Kenny Burrell
Sheela Gowda,Ken School of Art
Jayce Salloum,Khadim Ali
"Kamarstudios ",Khalid Içame
Nasir Nasrallah,Khalifa University
Adila Laidi-Hanieh,Khalil Sakakini Cultural Center
Maha Al-Khalawi,Khatt
Ahmad Konash,Khatt Foundation
Hani Alireza,Khatt Foundation
Maha Al-Khalawi,Khatt Foundation
Firoz Mahmud,Khulna Vision TV
Otobong Nkanga,Kiasma Museum of Contemporary Art
"Apichatpong Weerasethakul ",Kick
Meriç Algün Ringborg,Kim Einarsson & Stine Hebert
Saddek Wasil,King Abdul Aziz University
Eyad Maghazil,King Fahad University
Lulwah Al-Homoud,King Saud University
Eva Meyer-Keller,Kings College London
Haris Epaminonda,Kingston University
Lara Favaretto,Kingston University
Kamran Shirdel,Kish Documentary Film Festival
Eduardo Terrazas,Knoll International
Agnes Janich,Koli
Agnes Janich,Koli Artist-in-Residence Centre
Alexander Markov,Konrad Wolf University of Film
Meriç Algün Ringborg,Konstakademien
Sean Gullette,Kristin Scott Thomas
Fumito Urabe,Kunstakademie Düsseldorf
Thomas Demand,Kunstakademie Düsseldorf
Meriç Algün Ringborg,Kunsthal Charlottenborg
Ebtisam Abdulaziz,Kunst Museum
Abdullah Al Saadi,Kunstmuseum Bonn
"Angelica Mesiti ",Kunstmuseum Bonn
Shadia Alem,Kunstmuseum Bonn
Doa Aly,Kunstraum Kreuzberg
Iman Issa,Kunstraum Kreuzberg
Dirk Fleischmann,Kunstverein
Setareh Shahbazi,Kunstverein
Derek Ogbourne,Kurpfälzisches Museum
Abbas Akhavan,KW Institute
Wael Shawky,KW Institute
Shiro Takatani,Kyoto City University of Arts
Shiro Takatani,Kyoto Performing Arts Center
Abdullah Al Saadi,Kyoto Seika University
Miki Kasahara,Kyoto Seika University
Gulnara Kasmalieva,Kyrgyz National Museum of Fine Arts
Muratbek Djumaliev,Kyrgyz National Museum of Fine Arts
Gulnara Kasmalieva,Kyrgyz State Art College
Muratbek Djumaliev,Kyrgyz State Art College
Gulnara Kasmalieva,Kyrgyz State College of Fine Art
Muratbek Djumaliev,Kyrgyz State College of Fine Art
Maider López,Lab Project
Sherin Guirguis,Laguna Beach Art Museum
Nikolaj Bendix,La Maison Rouge
Tarek Atoui,La Maison Rouge
Yang Fudong,Lam Contemporary Art Center
"Jean-Luc Moulène ",Landesmuseum Joanneum GmbH
Amino Belyamani,Larry Koonse
Sherin Guirguis,Las Vegas Art Museum
Lawrence Weiner,Laurence Weiner
Alexis Bhagat,Lauren Rosati
Jananne Al-Ani,Le Bal
Ahmad Ghossein,Lebanese University
Mounira Al Solh,Lebanese University
Shafic Abboud,Lebanese University
Dirk Fleischmann,Leeum Museum of Art
Anri Sala,Le Fresnoy Studio National
Ahmed Mater,Leiden Museum Amsterdam
Ahmed Mater,Leiden Museum of Ethnology
Sophie Ernst,Leiden University
Heman Chong,Leif Magne
Monir Shahroudy Farmanfarmaian,Leighton House Museum
Ala Ebtekar,Leila Heller
Basmah Felemban,Leonardo da
Youssef Nabil,Leon Boyadjian
Abbas Akhavan,Le Printemps de Septembre (France)
Meriç Algün Ringborg,Library
Bob Landry,Life
Bob Landry,Life Magazine
José Luis Martinat,Lima Art Museum
Rabih Mroué,Lina Saneh
Shahzia Sikander,Linda Pace Foundation
Susan Hefuna,Line
Meriç Algün Ringborg,Linköping University
Alfredo Aquilizan,Liverpool Biennial
CAMP,Liverpool Biennial
Gabriel Lester,Liverpool Biennial
Isabel Aquilizan,Liverpool Biennial
Jawad Al Malhi,Liverpool Biennial
Jun Yang,Liverpool Biennial
Larissa Sansour,Liverpool Biennial
Minouk Lim,Liverpool Biennial
N.S. Harsha,Liverpool Biennial
Shilpa Gupta,Liverpool Biennial
Shimabuku,Liverpool Biennial
Taus Makhacheva,Liverpool Biennial
Sara Naim,London College of Communication
Tom Molloy,Lora Reynolds
Nil Yalter,Lord Byron Meets
Murtaza Vali,Lori Ledis
Wafaa Bilal,Los Angeles County Museum
Valeska Soares,Los Angeles County Museum of Art
Ahmed Mater,Los Angeles County Museum of Art (Los Angeles)
Nil Yalter,Los Angeles Museum of Contemporary Art
Reem Al Ghaith,Louisa Buck
Julia Meltzer,Louis Comfort Tiffany Foundation
Matt Saunders,Louis Comfort Tiffany Foundation
Michael Rakowitz,Louis Comfort Tiffany Foundation
Jane & Louise Wilson,Louise Wilson
Yusef A. Lateef,Louis Hayes
Anri Sala,Louisiana Museum
"SUPERFLEX ",Louisiana Museum
Jem Cohen,Luc Sante
Basma Al Sharif,Lund University
Bjørn Melhus,LUX
Luz Maria Bedoya,Luz María
Zaman M Jassim,M. Jassim
Simryn Gill,M.K. Ghandi
Raeda Saadeh,M. Qattan
Nastaran Safaei,Maakous Sculptors Group
Shahzia Sikander,MacArthur Foundation
Karim Aïnouz,Madame Satã
Fred Eerdekens,Magda Danysz
Meriç Algün Ringborg,Maja Wismer
Shiro Takatani,Mallarmé Project
Basma Al Sharif,Malmö Art Academy
José Luis Martinat,Malmö Art Academy
José Luis Martinat,Malmö Art Museum
Meriç Algün Ringborg,Malmö Art Museum
José Luis Martinat,Malmö Fine Art Academy
Haris Epaminonda,Malmö Konsthall
Meriç Algün Ringborg,Malmö Konsthall
Pascale Marthine Tayou,Malmö Konsthall
Rania Stephan,Manara & Kimo
Abdullah Al Saadi,Manarat Al Saadiyat
Ana Torfs,"Manifesta "
Anawana Haloba,"Manifesta "
Carlos  Amorales,"Manifesta "
Dirk Fleischmann,"Manifesta "
Heman Chong,"Manifesta "
Mounira Al Solh,"Manifesta "
Raed Yassin,"Manifesta "
Raqs Media Collective,"Manifesta "
Rosalind Nashashibi,"Manifesta "
Zbyněk Baladrán,"Manifesta "
Amnah Alireza,Mansoojat Foundation
Meriç Algün Ringborg,Manuela Moscoso
Ala Ebtekar,Maraya Art Centre
Giuseppe Moscatello,Maraya Art Centre
Taus Makhacheva,Maraya Contemporary Art Centre
Laurent Grasso,Marcel Duchamp
Saâdane Afif,Marcel Duchamp
Abbas Akhavan,Marcelino Botín
Basma Al Sharif,Marcelino Botín
Solange Farkas,Marcel Odenbach & Robert Cahen (Buenos Aires
Lani Maestro,MARCO
Meriç Algün Ringborg,Maria Lind
Ayşe Erkmen,Maria Sibylla
Richard Ibghy,Marilou Lemmens
Doa Aly,Marina Sorbello
Pascal Hachem,Mario Merz Foundation
Youssef Nabil,Mario Testino
Heman Chong,Mark Aerial
Yuko Hasegawa,Marlene Dumas
Pascale Marthine Tayou,Marrakech Biennale
YOVO! YOVO!,Martina Mahlknecht
YOVO! YOVO!,Martina Mahlknechtb
YOVO! YOVO!,Martin Prinoth
YOVO! YOVO!,Martin Prinothb
Nida Sinnokrot,Mart Museum
Amir H. Fallah,Maryland Institute College of Art
Burak Arikan,Massachusetts Institute of Technology
Kader Attia,Massana School of Applied Arts
Raqs Media Collective,Mass Communications
Michael Rakowitz,MassMOCA
Ramin Haerizadeh,Massoud Massoumi
Abdelkader Benchamma,Mathaf Museum
Meriç Algün Ringborg,Mats Stjernstedt
Yuko Hasegawa,"Matthew Barney "
Ana Torfs,Maurice Maeterlinck
"Angelica Mesiti ",MCA Collection
Aras Özgün,Media Studies Department
Aras Özgün,Media Theory and Digital Media
Rasheed Araeen,Mediterranean Project
Meriç Algün Ringborg,Meessen De Clerq
Adele Ne Jame,Melissa Chimera
Yto Barrada,Mercedes
Jonathas de Andrade,Mercosur
Seigen Ono,Merry Christmas
Pouran-Jinchi,Metropolitan Museum
Andreas Gursky,Metropolitan Museum of Art
Lani Maestro,Metropolitan Museum of Art
Monir Shahroudy Farmanfarmaian,Metropolitan Museum of Art
Walid Siti,Metropolitan Museum of Art
Yu-ichi Inoue,Metropolitan Museum of Art
Elena Kovylina,Miami Dade College
Suzanne Cotter,Michael Clark
Hasan and Husain Essop,Michaelis School of Fine Art
Carsten Nicolai,Michael Nyman
Noura Bouzo,Michael Porter
Youssef Nabil,Michael Stevenson
"Basir Mahmood ",Michigan State University
Aras Özgün,Middle East Technical University
Alberto Duman,Middlesex University
Ahmed Mater,Miftaha Arts Village
mounir fatmi,Migros Museum
Tarek Halaby,Miguel Gutierrez
Carsten Nicolai,Mika Vainio
Hiroyuki Masuyama,Mikkeli Art Museum
Elizabeth Peyton,Mildred Lane
Yusef A. Lateef,Miles Davis
Yusef A. Lateef,Milt Jackson
Wafaa Bilal,Milwaukee Art Museum Milwaukee
Abdullah Nawawi,Ministry of Culture
Kamran Shirdel,Ministry of Culture
Abdulaziz Ashour,Ministry of Energy
Doug Henders,Minneapolis College of Art
Hend Al-Mansour,Minneapolis College of Art and Design
Ahmed Alsoudani,Minneapolis Institute of Art
Maha Malluh,Minnie Mouse
Gabriel Lester,Minsheng Art Museum
Hu Xiangqian,Minsheng Art Museum
Liu Wei,Minsheng Art Museum
Bahar Behbahani,Miramar Museum
Carsten Höller,Miriam Bäckström
Jayce Salloum,MIT Press
Naeem Mohaiemen,MIT Press
Rashid Masharawi,Mobile Cinema Department
Djamel Kokene,Mobile-School
"Jean-Luc Moulène ",Modern
Lamia Joreige,Modern
Mouna Karray,Modern
Nil Yalter,Modern
Simryn Gill,Modern
Adrian Paci,Moderna Museet
Meriç Algün Ringborg,Moderna Museet
Sherif El Azma,Modern Art Museum
Abdelfattah Kilito,Mohamed V University
Mohamed Bourouissa,Mohammed Bourouissa
Mohamed El Mahdaoui,Mohammed El
Bahman Mohassess,Mohammed Habib Mohammedi
Jessica Mein,Mohammed Kazem
Matt Saunders,MoMA
Michael Rakowitz,MoMA
Steve Reinke,MoMA
Susan Hefuna,MoMA
Adrian Paci,MoMA PS1
Fatima Al Qadiri,MoMA PS1
Marcel Odenbach,MoMA PS1
Saâdane Afif,Monaco Foundation
Abbas Akhavan,Mona Hatoum
Safeya Binzagr,Mona Lisa
Baseem Al Sharqi,Mona Liza
Moataz Nasr,Monash University Museum of Art
Raafat Ishak,Monash University Museum of Art
Nadia Ayari,Monica DeCardenas
Raqs Media Collective,Monica Narula
Seigen Ono,Monte Carlo
David Spriggs,Montreal Museum of Fine Arts
Milica Tomić,Monument Group
Nadia Ayari,Monya Rowe
Hesam Rahmanian,MOP
Niyaz-Azadikhah,MOP
Hrair Sarkissian,Mori Art Museum
Jananne Al-Ani,Mori Art Museum
Lamia Joreige,Mori Art Museum
mounir fatmi,Mori Art Museum
Shilpa Gupta,Mori Art Museum
Ahmed Mater,Mori Museum of Art
Tarek Atoui,Mort Aux
Gulnara Kasmalieva,Moscow Academy of Fine Arts
Muratbek Djumaliev,Moscow Academy of Fine Arts
"Basir Mahmood ",Moscow International
Taus Makhacheva,Moscow Museum of Modern Art
Meriç Algün Ringborg,MOSTYN
Ala Ebtekar,Movers & Shakers
Ziad Antar,Mozart
Seigen Ono,Mr. Lawrence
Hani Alireza,MTV
Noma Omran,Muhammad Qadri
Hanan Abdullah Bahamdan,Muhammad Sabri
Fred Eerdekens,MuHKA
Fred Eerdekens,MUHKA
Fred Eerdekens,MuHKA Contemporary Art Museum
Gulnara Kasmalieva,Mukhina Academy of Art
Muratbek Djumaliev,Mukhina Academy of Art
Valia Fetisov,Multimedia Art Museum
Gulnara Kasmalieva,Muratbek Djumaliev
Gulnara Kasmalieva,MUSAC
Mona Marzouk,MUSAC
Muratbek Djumaliev,MUSAC
Yuko Hasegawa,MUSAC
Melik Ohanian,Musée
Zineb Sedira,Musée
Nil Yalter,Musée de l’Homme
Melik Ohanian,Musée National
Reem Al Ghaith,Musée National
Zineb Sedira,Musée National
Amina Menia,Musée national d’art moderne et contemporain
Jessica Mein,Museo
Liliana Porter,Museo
Carlos  Amorales,Museo Amparo
Meriç Algün Ringborg,Museo de Arte de Zapopan
Eduardo Terrazas,Museo del Palacio de Bellas Artes
Hrair Sarkissian,Museo del Palacio de Bellas Artes
Bae Young-whan,Museo Tamayo
Hala Elkoussy,Museo Tamayo
Jessica Mein,Museo Tamayo
Liliana Porter,Museo Tamayo
Nevin Aladag,Museo Tamayo
Yonamine,Museu
José Luis Martinat,Museu da Cidade
Nika Oblak,Museu da Cidade
Primož Novak,Museu da Cidade
Yonamine,Museu da Cidade
Adrian Paci,Museum Folkwang
mounir fatmi,Museum Kunst Palast
Elias Zayat,Museum of Applied Arts
mentalKLINIK,Museum of Applied Arts
Rashid Masharawi,Museum of Applied Arts
Hala Elkoussy,Museum of Art
Matt Saunders,Museum of Art
Pouran-Jinchi,Museum of Art
Mouna Karray,Museum of Contemporary
Adel Abidin,Museum of Contemporary Art
Ala Ebtekar,Museum of Contemporary Art
Anawana Haloba,Museum of Contemporary Art
"Angelica Mesiti ",Museum of Contemporary Art
Ayşe Erkmen,Museum of Contemporary Art
Carsten Höller,Museum of Contemporary Art
Eugenio Dittborn,Museum of Contemporary Art
Fred Eerdekens,Museum of Contemporary Art
Gulnara Kasmalieva,Museum of Contemporary Art
Jane & Louise Wilson,Museum of Contemporary Art
João Vasco Paiva,Museum of Contemporary Art
Marcel Odenbach,Museum of Contemporary Art
Meriç Algün Ringborg,Museum of Contemporary Art
Mohamed Ali Fadlabi,Museum of Contemporary Art
Mona Hatoum,Museum of Contemporary Art
Monir Shahroudy Farmanfarmaian,Museum of Contemporary Art
Muratbek Djumaliev,Museum of Contemporary Art
Nevin Aladag,Museum of Contemporary Art
Nikolaj Bendix,Museum of Contemporary Art
Runa Islam,Museum of Contemporary Art
Ryoji Ikeda,Museum of Contemporary Art
Sama Alshaibi,Museum of Contemporary Art
Shahzia Sikander,Museum of Contemporary Art
Sherin Guirguis,Museum of Contemporary Art
Simon Fujiwara,Museum of Contemporary Art
Simryn Gill,Museum of Contemporary Art
Yuko Hasegawa,Museum of Contemporary Art
Anri Sala,Museum of Contemporary Art Detroit
Jesper Just,Museum of Contemporary Art Detroit
Yuko Hasegawa,Museum of Contemporary Art Tokyo
Wafaa Bilal,Museum of Contemporary Photography Chicago
Pouran-Jinchi,Museum of Fine Arts
Yang Shaobin,Museum of Fine Arts
Pouran-Jinchi,Museum of Fine Arts Houston
Golnaz Fathi,Museum of Islamic Art
Ahmed Mater,Museum of Islamic Art (Doha)
Alfredo Jaar,Museum of Memory
Bjørn Melhus,Museum of Modern Art
Elizabeth Peyton,Museum of Modern Art
Eugenio Dittborn,Museum of Modern Art
Fred Eerdekens,Museum of Modern Art
Jananne Al-Ani,Museum of Modern Art
Jane & Louise Wilson,Museum of Modern Art
Karin Sander,Museum of Modern Art
Liliana Porter,Museum of Modern Art
Liu Wei,Museum of Modern Art
Maha Maamoun,Museum of Modern Art
Maider López,Museum of Modern Art
Mario Rizzi,Museum of Modern Art
Michael Rakowitz,Museum of Modern Art
Monir Shahroudy Farmanfarmaian,Museum of Modern Art
Nikolaj Bendix,Museum of Modern Art
Nil Yalter,Museum of Modern Art
Rashid Masharawi,Museum of Modern Art
Runa Islam,Museum of Modern Art
Shahzia Sikander,Museum of Modern Art
Sharif Waked,Museum of Modern Art
Solange Farkas,Museum of Modern Art
Steve Reinke,Museum of Modern Art
"SUPERFLEX ",Museum of Modern Art
Susan Hefuna,Museum of Modern Art
Thomas Demand,Museum of Modern Art
Valia Fetisov,Museum of Modern Art
Wang Jianwei,Museum of Modern Art
Yang Fudong,Museum of Modern Art
Yu-ichi Inoue,Museum of Modern Art
Yuko Hasegawa,Museum of Modern Art
Jessica Mein,Museum of Modern Art (New York)
Yto Barrada,Museum of Modern Art Oxford
Derek Ogbourne,Museum of Optography
Hu Xiangqian,Museum of the Central Academy
Firoz Mahmud,Music
Fumito Urabe,Music
Hiroyuki Masuyama,Music
Rania Moudaress,Music
Derek Ogbourne,Muswell Press
Rasha Salti,Myrtle Winter Chaumeny
Nastaran Safaei,Naghshe Kowsar Art School
Fumito Urabe,Nagoya University of Arts
Rabih Mroué,Nancy Wished
Adele Ne Jame,Naomi Shihab
Anri Sala,National Academy
Jayce Salloum,National and International
Leila Pazooki,National Art Academy
Sophie Ernst,National Art Gallery
Mario Rizzi,National Centre
Taus Makhacheva,National Centre
Aisha Khalid,National College of Arts
Hamra Abbas,National College of Arts
Shahzia Sikander,National College of Arts
Imran Qureshi,National College of Lahore
Younès Rahmoun,National Fine Arts Institute
Mariam Ghani,National Gallery
Ravi Agarwal,National Gallery
Susan Hefuna,National Gallery
Yang Shaobin,National Gallery
Andreas Gursky,National Gallery of Victoria
Raafat Ishak,National Gallery of Victoria
Bijoy Jain,National Museum
Kassab Bachi,National Museum
Nevin Aladag,National Museum
Yu-ichi Inoue,National Museum
Gulnara Kasmalieva,National Museum Cardiff
Muratbek Djumaliev,National Museum Cardiff
Anri Sala,National Museum of Art
Sharif Waked,National Museum of Bahrain
Amina Menia,National Museum of Carthage
Hala Elkoussy,National Museum of Carthage
Yang Fudong,National Museum of Contemporary Art
Youssef Abdelkė,National Museum of Kuwait
Ismaïl Bahri,National Museum of Mali
David Spriggs,National Museum of Quebec
Bahar Behbahani,National Museum of Women
Nil Yalter,National Museum of Women
Yazid Oulab,National School of Fine Arts
Érik Bullot,National School of Photography
Érik Bullot,National Studio
Bae Young-whan,National Taiwan Museum of Fine Arts
Melissa Chimera,Native Hawaiian Plant Society
Melissa Chimera,Natural Resources Management
Oraib Toukan,Nayruz Holdings
Hamra Abbas,NCA Gallery
Liliana Porter,NEA Regional
Rasheed Araeen,NED University
Ahmed Mater,Nelson-Atkins Museum of Art
Burak Arikan,Neuberger Museum of Art
Daniel Garcia,New
Jane & Louise Wilson,Newcastle Polytechnic
Nika Oblak,New European Media
Primož Novak,New European Media
João Vasco Paiva,New Media
Valia Fetisov,New Media
"Apichatpong Weerasethakul ",New Museum
Bae Young-whan,New Museum
CAMP,New Museum
Carsten Höller,New Museum
Elizabeth Peyton,New Museum
Eungie Joo,New Museum
Haris Epaminonda,New Museum
"Haroon Mirza ",New Museum
Kazuyo Sejima,New Museum
Lee Kit,New Museum
Rayyane Tabet,New Museum
Shilpa Gupta,New Museum
Sophia Al Maria,New Museum
Susan Hefuna,New Museum
Tarek Atoui,New Museum
Ziad Antar,New Museum
Hans Haacke,New Museum of Contemporary Art
Mona Hatoum,New Museum of Contemporary Art
Aras Özgün,New School
Ahmed El Attar,Newsweek
Walid Raad,New York Cooper Union
Liliana Porter,New York Foundation
Michael Rakowitz,New York Foundation
Fateh Moudarres,New York International
Mohamed Bourouissa,New York New Museum of Contemporary Art (United States)
Lawrence Weiner,New York Public School
Wafaa Bilal,New York Times
Daniel Garcia,New York University
Karim Aïnouz,New York University
Murtaza Vali,New York University
Trisha Donnelly,New York University
Wafaa Bilal,New York University
Abdullah Al Saadi,New York University Abu Dhabi
Nargess Hashemi,Neyshabour Institute
Ravi Agarwal,NGO Toxics
Alexander Markov,Nick Teplov
Shafic Abboud,Nicolas de Staël
Meriç Algün Ringborg,Nigel Prince
Eungie Joo,Night School
Primož Novak,Nika Oblak
Sean Gullette,Nikolai Kinski
Kazuyo Sejima,Nishizawa
David Douglas Duncan,Nobleman Faisal
Meriç Algün Ringborg,Nomas Foundation
Meriç Algün Ringborg,Non
Sahand Hesamiyan,Noor Exhibition
Farhad Ahrarnia,Northern Media School
Haig Aivazian,Northwestern University
Jalal Toufic,Northwestern University
Steve Reinke,Northwestern University
Fred Eerdekens,Norton
Lani Maestro,Nova Scotia College of Art
Heman Chong,NUS Museum
Raeda Saadeh,O.K Centre
Maha Al-Khalawi,Oasis Magazine
Noura Bouzo,Oasis Magazine
Talal Al-Zeid,Oasis Magazine
Akram Zaatari,Oberhausen Short Film Festival
Doris Bittar,Oceanside Museum
Pablo Lobato,O Desejo
Valeska Soares,O Grivo
Doa Aly,Okwui Enwezor
Mona Marzouk,Okwui Enwezor
Carsten Nicolai,Olaf Bender
David Douglas Duncan,Old Abdullah
Seigen Ono,Olive Tree
Abbas Kiarostami,Olive Trees
Saloua Raouda Choucair,Omar Onsi
Mustapha Benfodil,Omar Ouartilane
Youssef Nabil,Omar Sharif
Slavs and Tatars,Onestar Press
Almagul Menlibayeva,Open Society Institute Budapest
Hanan Abdullah Bahamdan,Opera
Sherif El Azma,Opera
Derek Ogbourne,Optography
Carlos  Amorales,Orange County Museum
Sherin Guirguis,Orange County Museum of Art
Noma Omran,Orléans Institute of Music
Hassan Massoudy,Osaka Museum
Ismaïl Bahri,Osaka Museum of History
Anawana Haloba,Oslo National Academy of the Arts
Mohamed Ali Fadlabi,Oslo National Academy of the Arts
Susan Hefuna,Osthaus Museum
Fayçal Baghriche,Outpost for Contemporary Art (Los Angeles
Firoz Mahmud,OZU Space
Melik Ohanian,Pablo Picasso
Hamra Abbas,Pacific Asia Museum
Ziad Antar,Palais
"Basim Magdy ",Palais de Tokyo
"Basir Mahmood ",Palais de Tokyo
Kader Attia,Palais de Tokyo
Laurent Grasso,Palais de Tokyo
Mohamed Bourouissa,Palais de Tokyo
Niyaz-Azadikhah,Palais de Tokyo
Panos Tsagaris,Palais de Tokyo
Saâdane Afif,Palais de Tokyo
Shohreh Mehran,Palais de Tokyo
Susan Hefuna,Palais de Tokyo
Ziad Antar,Palais de Tokyo
Zineb Sedira,Palais de Tokyo
Yu-ichi Inoue,Palais International
Ahmed Alsoudani,Palazzo Grassi
Ryoji Ikeda,Palazzo Grassi
Khalil Rabah,Palestine Airlines
Khaled Jarrar,Palestine Polytechnic University
Khaled Hourani,Palestinian Ministry of Culture
Khalil Rabah,Palestinian Museum of Natural History
Hesam Rahmanian,Paradise Row
Ayreen Anastas,Paraguay Press
Adel Abdessemed,Parasol Unit Foundation
Rania Moudaress,"Paris "
Ramin Haerizadeh,Paris Photo
Hans Haacke,Parliament
Yonamine,PARQ Magazine
Monir Shahroudy Farmanfarmaian,Parsons School of Design
Pascale Marthine Tayou,Pascal Marthin
Balufu Bakupa Kanyinda,Patrice Lumumba
Jem Cohen,Patti Smith
Yusef A. Lateef,Paul Chambers
Marwan Rechmaoui,Paul Klee
Nida Sinnokrot,Paul Robeson Fund
Andrei Ujică,Paul Virilio
Ramtin Zad,Payam Moasser Tehran School
Daniel Garcia,Pearl Award
Rania Attieh,Pearl Award
Doris Bittar,Pearl Divers
Melissa Chimera,Peggy Chun
Mounira Al Solh,Performance & Film Programme
Mona Hatoum,Peters
Samah Hijawi,Petersburg Project
Alexander Markov,Petersburg University of Culture
Simryn Gill,Petronas
Adele Ne Jame,Petronium Press
Mona Hatoum,Phaidon Press
Rayyane Tabet,Phaidon Press
Carlos  Amorales,Philadelphia Art Museum
Maha Maamoun,Philadelphia Museum of Art
Heman Chong,PHILIP
Agnes Janich,Photography
Luc Sante,Photography
Maha Maamoun,Photography
Mohamed Bourouissa,Photography
Yto Barrada,Photography
Shafic Abboud,Pierre Bonnard
Ahmed Alsoudani,Pinault Foundation
Yuko Hasegawa,Pinchuk Art Centre
Abdullah Nawawi,Plastic Art Committee
Mostafa Darehbaghi,Plastic Art School
Meriç Algün Ringborg,Point Centre
Noha Faoud Al-Ghalib,Polaroid
Rosalind Nashashibi,Pompidou Centre
Saâdane Afif,Pompidou Centre
Amina Menia,Pontevedra Bienal
Simryn Gill,Port Dickson
Harrell Fletcher,Portland State University
Simone Fattal,Post-Apollo Press
Abbas Akhavan,Power Plant
CAMP,Power Plant
Simon Fujiwara,Power Plant
Ayreen Anastas,Pratt Institute
Pouran-Jinchi,Pratt Institute
Valeska Soares,Pratt Institute
Doa Aly,Predrag Pajdic
Laurent Grasso,Prefix Institute of Contemporary Art
Sophie Ernst,Prince Bernhard Cultural Foundation
Emily Jacir,Prince Claus Award
Saâdane Afif,Prince Pierre
Kazuyo Sejima,Pritzker
Lara Favaretto,Proa Foundation
Iman Issa,Project Art Center
Adel Abdessemed,PS
Khaled Jarrar,Qalandiya
Khaled Jarrar,Qalandiya International
Ahmed Alsoudani,Qatar Museum
Zaman M Jassim,Qatif
Zaman M Jassim,Qatif Arts Group
Mouna Karray,Quai Branly Museum
Liliana Porter,Queens College
Almagul Menlibayeva,Queens Museum
Bahar Behbahani,Queens Museum
Rabih Mroué,Queens Museum of Art
Sohrab Mohebbi,Queens Museum of Art
Abdelfattah Kilito,Querelle des
Atfal Ahdath,Raed Yassin
Romeo Castellucci,Raffaello Sanzio
Hesam Rahmanian,Ramin Haerizadeh
Daniel Garcia,Rania Attieh
Lulwah Al-Homoud,Rashid Butt
"SUPERFLEX ",Rasmus Nielsen
Dirk Fleischmann,Real DMZ Project
Dirk Fleischmann,Real Estate
Yuko Hasegawa,Rebecca Horn
Hrair Sarkissian,Recontres Internationales de la Photographie d’Arles
Hamra Abbas,REDCAT
Amir H. Fallah,Redux Art Center
Murtaza Vali,Reena Saini
Meriç Algün Ringborg,Reflection & Imagination
Waheeda Malullah,Regional Institute
Matt Saunders,Renaissance Society
Ayreen Anastas,René Gabri
Waleed Alzuhair,Research & Publishing Company
Wafa Karsha,Research Centre
"Charwei Tsai ",Rhode Island School of Design
Lamia Joreige,Rhode Island School of Design
Nadia Ayari,Rhode Island School of Design
Shahzia Sikander,Rhode Island School of Design
Ziad Abillama,Rhode Island School of Design
Susan Hefuna,Rhona Hoffman Gallery
Marilou Lemmens,Richard Ibghy
Sulayman Al Bassam,Richard III
Melik Ohanian,Rich Mix
Ala Ebtekar,Richmond Art Center
Adele Ne Jame,Ridgeway Press
Mounir Al-Shaarani,Rietberq Museum
"Lúcia Koch ",Rio Grande
Abdulhalim Radwi,Riyadh Hewar
Abdullah Hammas,Riyadh Institute of Arts
Tintin Wulia,RMIT University
Nil Yalter,Robert College
Ana Torfs,Roberto Rossellini
Hesam Rahmanian,Robert Rauschenberg Foundation
Firoz Mahmud,Rochester Contemporary Art Center
Bill Meyers,Rockefeller Foundation
Nida Sinnokrot,Rockefeller Foundation
Julia Meltzer,Rockefeller Media
Valia Fetisov,Rodchenko School of Photography
Shafic Abboud,Roger Bissière
Kazuyo Sejima,Rolex Learning Center
Jane & Louise Wilson,Rolls-Royce
Ahmed Felemban,Rome Academy
Setareh Shahbazi,Rooseum
Ayman Baalbaki,Rosa Issa
Susan Hefuna,Rose Issa
Heman Chong,Rosemary Heather
Heman Chong,Rossi & Rossi
Jesper Just,"Royal "
Olafur Eliasson,"Royal "
"SUPERFLEX ","Royal "
Reza Aramesh,Royal Academy
Sharif Waked,Royal Academy
Haris Epaminonda,Royal College of Art
Heman Chong,Royal College of Art
Hesam Rahmanian,Royal College of Art
Idris Khan,Royal College of Art
Jananne Al-Ani,Royal College of Art
Runa Islam,Royal College of Art
Sheela Gowda,Royal College of Art
Taus Makhacheva,Royal College of Art
Sophie Ernst,Royal Geographical Society
Safeya Binzagr,Royal Geographic Society
Chai Siri,Royal Ground
Amina Menia,Royal Hibernian Academy
Meriç Algün Ringborg,Royal Institute of Art
Jayce Salloum,Royal Ontario Museum
Sulayman Al Bassam,Royal Shakespeare Company
Yto Barrada,Royal Turismo
Yusef A. Lateef,Roy Eldridge
Sirine Fattouh,Roy Sfeir Gallery
Sulayman Al Bassam,RSC
Ali Jabri,Rugby School
Sirine Fattouh,Running Horse Contemporary Art Space
Raeda Ashour,Rushmore University
Doris Bittar,Russell Sage Foundation
Alfredo Jaar,Rwanda Project
Sara Naim,Ryan McGinley
Leila Fatemi,Ryerson University
Carsten Nicolai,Ryoji Ikeda
Yuko Hasegawa,Ryoji Ikeda
Kazuyo Sejima,Ryue Nishizawa
Seigen Ono,Ryuichi
Seigen Ono,Ryuichi Sakamato
Abdelfattah Kilito,S. Hassan
Meriç Algün Ringborg,Sabanci University
Amnah Alireza,Safeya Binzagr
Lani Maestro,Saint Nicolas
Saloua Raouda Choucair,Saloua Raouda Choucair Foundation
Hrair Sarkissian,SALT Beyoglu
Solange Farkas,Salvador
Ahmad Angawi,Sami Angawi
Bae Young-whan,Samsung Museum of Art
Fred Eerdekens,Samuel Vanhoegaerden
Doris Bittar,San Diego Museum of Art
Juan Araujo,San Diego Museum of Art
Yazan Khalili,Sandi Hilal
Ala Ebtekar,San Francisco Art Institute
Hamra Abbas,San Francisco Art Institute
Harrell Fletcher,San Francisco Art Institute
Jayce Salloum,San Francisco Art Institute
Shahzia Sikander,San Francisco Art Institute
Shimabuku,San Francisco Art Institute
David Claerbout,San Francisco Museum of Modern Art
Graziella Rizkallah Toufic,San Francisco Museum of Modern Art
Idris Khan,San Francisco Museum of Modern Art
Karin Sander,San Francisco Museum of Modern Art
Simon Fujiwara,San Francisco Museum of Modern Art
Tiffany Chung,San Francisco Museum of Modern Art
Yto Barrada,San Francisco Museum of Modern Art
Valeska Soares,Santa Ursula
Almagul Menlibayeva,Santiago International
Abdullah Al Saadi,São Paulo Biennial
Jonathas de Andrade,São Paulo Biennial
Juan Araujo,São Paulo Biennial
Karim Aïnouz,São Paulo Biennial
Moataz Nasr,São Paulo Biennial
Yuk King Tan,São Paulo Biennial
Doa Aly,Sarat Maharaj
Meriç Algün Ringborg,Saskia Neuman
Samiah Khashoggi,Saudiaat
Ayman Mahawi,Saudiaat Art Association
Raeda Ashour,Saudiaat Art Group
Samiah Khashoggi,Saudiaat Art Group
Wafa Karsha,Saudiaat Art Group
Salwa Aleryani,Savannah College of Art and Design
Youssef Nabil,Savannah College of Art and Design (Savannah)
Yusef A. Lateef,Savoy
Yusef A. Lateef,Savoy Records
Érik Bullot,Sayat Nova
Setareh Shahbazi,Scenography and Media
Wael Shawky,Schering Foundation
Ayreen Anastas,School of Architecture
Reem Al Ghaith,School of Architecture and Design
Basma Al Sharif,School of Art
Cesar Meneghetti,School of Fine Arts
Raana-Farnoud,School of Fine Arts
Roberto Bellini,School of Fine Arts
Yazid Oulab,School of Fine Arts
Basma Al Sharif,School of the Art Institute of Chicago
"Haroon Mirza ",School of the Art Institute of Chicago
Lantian Xie,School of the Art Institute of Chicago
Wafaa Bilal,School of the Art Institute of Chicago
Raeda Ashour,School of Traditional Arts
Agnes Janich,School of Visual Arts
Elizabeth Peyton,School of Visual Arts
Mariam Ghani,School of Visual Arts
Sophie Ernst,School of Visual Arts
Zena el Khalil,School of Visual Arts
Érik Bullot,School of Visual Arts
Saddek Wasil,Sciences
Sherin Guirguis,Scottsdale Museum of Contemporary Art
Karin Sander,Sculpture
Shahzia Sikander,Sculpture
Valeska Soares,Sculpture
Karin Sander,Sculpture Project
Maider López,Sebastian
The Ministry for State Security (Ministerium für Staatssicherheit),SED
Sherin Guirguis,Selected Group
Moataz Nasr,Selma Feriani Gallery
Yuko Hasegawa,Seoul International Media
Andrei Ujică,Sergei Krikalyov
Solange Farkas,Sergio Motta
Wael Shawky,Serpentine
Wael Shawky,Serpentine Galleries
Amar Kanwar,Serpentine Gallery
Anri Sala,Serpentine Gallery
CAMP,Serpentine Gallery
Hans Haacke,Serpentine Gallery
Jane & Louise Wilson,Serpentine Gallery
Marwan Rechmaoui,Serpentine Gallery
N.S. Harsha,Serpentine Gallery
Olafur Eliasson,Serpentine Gallery
Rasheed Araeen,Serpentine Gallery
Ravi Agarwal,Serpentine Gallery
Runa Islam,Serpentine Gallery
Sheela Gowda,Serpentine Gallery
Shilpa Gupta,Serpentine Gallery
Susan Hefuna,Serpentine Gallery
Thomas Demand,Serpentine Gallery
Rayyane Tabet,Sfeir-Semler Gallery
Akram Zaatari,Sfeir-Semler Gallery Beirut
CAMP,Shaina Anand
Ayşe Erkmen,Shanghai Biennale
Jalal Toufic,Shanghai Biennale
Otobong Nkanga,Shanghai Biennale
Rasheed Araeen,Shanghai Biennale
Yang Fudong,Shanghai Biennale
Yuko Hasegawa,Shanghai Biennale
Zhang Hui,Shanghai Biennale
Doug Henders,Sharjah Art Foundation
Mario Rizzi,Sharjah Art Foundation
Murtaza Vali,Sharjah Art Foundation
Sharif Waked,Sharjah Art Foundation
Tarek Atoui,Sharjah Art Foundation
Wael Shawky,Sharjah Art Foundation
Zineb Sedira,Sharjah Art Foundation
Alberto Duman,Sharjah Art Museum
Amir H. Fallah,Sharjah Art Museum
Ebtisam Abdulaziz,Sharjah Art Museum
Hassan Massoudy,Sharjah Art Museum
Karin Sander,Sharjah Art Museum
Lawrence Weiner,Sharjah Art Museum
Mounir Al-Shaarani,Sharjah Art Museum
Sheela Gowda,Sharjah Art Museum
Abdullah Al Saadi,Sharjah Biennial
Adele Ne Jame,Sharjah Biennial
Agnes Janich,Sharjah Biennial
Ahmed El Attar,Sharjah Biennial
Ahmed Mater,Sharjah Biennial
Alberto Duman,Sharjah Biennial
Amir H. Fallah,Sharjah Biennial
Ana Vidigal,Sharjah Biennial
Anawana Haloba,Sharjah Biennial
Ayşe Erkmen,Sharjah Biennial
Bakr Sheikhoon,Sharjah Biennial
Basma Al Sharif,Sharjah Biennial
CAMP,Sharjah Biennial
Dan Brault,Sharjah Biennial
David Spriggs,Sharjah Biennial
Doris Bittar,Sharjah Biennial
Doug Henders,Sharjah Biennial
Elena Kovylina,Sharjah Biennial
Eugenio Dittborn,Sharjah Biennial
Eungie Joo,Sharjah Biennial
Fernando José Pereira,Sharjah Biennial
Firoz Mahmud,Sharjah Biennial
Giuseppe Moscatello,Sharjah Biennial
Gulnara Kasmalieva,Sharjah Biennial
Haig Aivazian,Sharjah Biennial
Hala Elkoussy,Sharjah Biennial
Hamra Abbas,Sharjah Biennial
Haris Epaminonda,Sharjah Biennial
Hayv Kahraman,Sharjah Biennial
Hiroyuki Masuyama,Sharjah Biennial
Jalal Toufic,Sharjah Biennial
Jane & Louise Wilson,Sharjah Biennial
Jawad Al Malhi,Sharjah Biennial
Jayce Salloum,Sharjah Biennial
"Jean-Luc Moulène ",Sharjah Biennial
José Luis Martinat,Sharjah Biennial
Juan Araujo,Sharjah Biennial
Karin Sander,Sharjah Biennial
Lamia Joreige,Sharjah Biennial
Lamya Gargash,Sharjah Biennial
Lani Maestro,Sharjah Biennial
Lara Favaretto,Sharjah Biennial
Laurent Grasso,Sharjah Biennial
Lawrence Weiner,Sharjah Biennial
Lili Dujourie,Sharjah Biennial
Liliana Porter,Sharjah Biennial
Maha Maamoun,Sharjah Biennial
Maider López,Sharjah Biennial
Marcel Odenbach,Sharjah Biennial
Mariam Ghani,Sharjah Biennial
Mario Rizzi,Sharjah Biennial
Marwan Rechmaoui,Sharjah Biennial
Melik Ohanian,Sharjah Biennial
Melissa Chimera,Sharjah Biennial
Michael Rakowitz,Sharjah Biennial
Moataz Nasr,Sharjah Biennial
Mona Hatoum,Sharjah Biennial
Mounira Al Solh,Sharjah Biennial
Muratbek Djumaliev,Sharjah Biennial
N.S. Harsha,Sharjah Biennial
Nida Sinnokrot,Sharjah Biennial
Nika Oblak,Sharjah Biennial
Nikolaj Bendix,Sharjah Biennial
Primož Novak,Sharjah Biennial
Raeda Saadeh,Sharjah Biennial
Rashid Masharawi,Sharjah Biennial
Reem Al Ghaith,Sharjah Biennial
Rula Halawani,Sharjah Biennial
Samira Badran,Sharjah Biennial
Sharif Waked,Sharjah Biennial
Sheela Gowda,Sharjah Biennial
Simryn Gill,Sharjah Biennial
Sophie Ernst,Sharjah Biennial
Suzanne Cotter,Sharjah Biennial
Tarek Atoui,Sharjah Biennial
Taysir Batniji,Sharjah Biennial
Valeska Soares,Sharjah Biennial
Waheeda Malullah,Sharjah Biennial
Yonamine,Sharjah Biennial
Youssef Abdelkė,Sharjah Biennial
Mounir Al-Shaarani,Shawqi Museum
Farhad Ahrarnia,Sheffield Hallam University
"Charwei Tsai ",Sherman Contemporary Art Foundation
Seigen Ono,Shiro Takatani
Ziad Dalloul,Shoman Foundation
Adele Ne Jame,Sierra Club
Mark Lombardi,Silent Partners
Rania Stephan,Simone Bitton
Jessica Mein,Simon Preston Gallery
Meriç Algün Ringborg,Simon Rees & Bärbel Vischer
"SUPERFLEX ",Simon Starling
Shinichiro Ogata,Simplicity
Yuko Hasegawa,Singapore Art Museum
Alfredo Aquilizan,Singapore Biennale
Faisal Samra,Singapore Biennale
Heman Chong,Singapore Biennale
Isabel Aquilizan,Singapore Biennale
N.S. Harsha,Singapore Biennale
"SUPERFLEX ",Singapore Biennale
Tiffany Chung,Singapore Biennale
Ana Torfs,Sint-Lukas University College of Art
Shilpa Gupta,Sir J. J. School
Nadia Ayari,Skowhegan School of Painting
Karim Aïnouz,Sky
Tony Chakar,Sky
Nikolaj Bendix,Skyum Larsen
Mona Hatoum,Slade School of Art
Derek Ogbourne,Slade School of Fine Art
Erkka Nissinen,Slade School of Fine Art
Nikolaj Bendix,Slade School of Fine Art
Rana Begum,Slade School of Fine Art
Sara Naim,Slade School of Fine Art
Mario Rizzi,Slade School of Fine Arts
Jessica Mein,Sliced Sky
Marcel Odenbach,Slought Foundation
Ayman Ramadan,Smart Museum of Art
The Ministry for State Security (Ministerium für Staatssicherheit),Socialist Unity Party of Germany
Aras Özgün,Social Research University
Fahd Al-Hijilan,Society of Culture
Ahmad Amin Nazar,Society of Painters
Solange Farkas,Solange Oliveira
"SUPERFLEX ",Sol LeWitt
Valeska Soares,Solomon Guggenheim Museum
Tom Molloy,Solstice Arts Centre
Nastaran Safaei,Sooreh University
Solange Farkas,Sophie Calle
Eungie Joo,Sora Kim
"Jean-Luc Moulène ",Sorbonne University
Yonamine,SOSO arte
Hanan Abdullah Bahamdan,Sotheby's
Rasheed Araeen,Southampton University
Andrei Ujică,Soviet Union
Derek Ogbourne,Space International
Pascal Hachem,Spatial Design
Fred Eerdekens,Spencer Brownstone
Ana Torfs,Sprengel Museum
Bjørn Melhus,Sprengel Museum Hanover
Sam Shalabi,Squint Fucker Press
Rasheed Araeen,St. Katherine
Hiroyuki Masuyama,Staatliches Museum Schwerin
Neda Razavipour,Stage Design
Ala Ebtekar,Stanford University
Ali Jabri,Stanford University
Wafaa Bilal,Stanford University
Eduard Puterbrot,State
Setareh Shahbazi,State Academy for Art and Design
Eduard Puterbrot,State Central Theatre Museum
Érik Bullot,State University of New York
Amar Kanwar,Stedelijk Museum
Cevdet Erek,Stedelijk Museum
Mounira Al Solh,Stedelijk Museum
Yto Barrada,Stedelijk Museum
Yu-ichi Inoue,Stedelijk Museum
Heman Chong,Stedelijk Museum Bureau
Hala Elkoussy,Stedelijk Museum Bureau Amsterdam
Rimini Protokoll,Stefan Kaegi
Claudia Joskowicz,Steinhardt Art Department
Trisha Donnelly,Steinhardt School of Culture
Mona Marzouk,Steirischer Herbst
Valia Fetisov,Stella Art Foundation
Almagul Menlibayeva,Stenersen Museum
Pablo Lobato,Stenersen Museum
Lara Favaretto,Stephanie
Alberto Duman,Stephen Lawrence Gallery
Melik Ohanian,Sternberg Press
Kader Attia,Sternersen Museum
Heman Chong,Steve Rushton
Julia Meltzer,Steve Turner
Setareh Shahbazi,Stiftung Kunstfonds
Meriç Algün Ringborg,Stockholm Music and Arts Festival
Yto Barrada,Strait Project
Ramin Haerizadeh,Studio 1.1
Ahmed El Attar,Studio Emad Eddin Foundation
Mohamed Bourouissa,Studio National
Thilo Frank,Stuttgart State Academy of Art
Yuk King Tan,Sue Crockford
Tarek Halaby,Sujata Goel
Abdelfattah Kilito,Sultan Al Owais
Golnaz Fathi,Sultan Gallery
Moataz Nasr,Sultan Gallery
Panos Tsagaris,Sunset
Burak Arikan,SUNY Purchase
Sherif El Azma,Surrey Institute of Art
Raafat Ishak,Sutton Gallery
Andrei Ujică,Svetlana Alexievich
Adel Abidin,Sydney Biennale
Kader Attia,Sydney Biennale
Rasheed Araeen,Sydney Biennale
Susan Hefuna,Sydney Biennale
Almagul Menlibayeva,Sydney Biennial
Elena Kovylina,Sydney Biennial
Lara Favaretto,Sydney Biennial
Regina José Galindo,Sydney Biennial
Edgar Endress,Syracuse University
Mark Lombardi,Syracuse University
Abdelfattah Kilito,Syracuse University Press
Abdelfattah Kilito,Sysracuse University Press
CAMP,Taipei Biennial
Jun Yang,Taipei Biennial
Nevin Aladag,Taipei Biennial
Jun Yang,Taipei Contemporary Art Center Tokyo
Yuko Hasegawa,Taipei Fine Arts Museum
Zhang Hui,Taipei Museum of Art
Jun Yang,Taishin Bank Foundation
Jun Yang,Taishin Project
Gulnara Kasmalieva,Tallinn Academy of Fine Arts
Muratbek Djumaliev,Tallinn Academy of Fine Arts
Yuko Hasegawa,Tama Art University
Lili Dujourie,Tamayo Museum
Omar Berrada,Tangier International
Musaed Alhulis,Tasami Center
Ammar Al Attar,Tashkeel
Reem Al Ghaith,Tashkeel
Akram Zaatari,Tate Modern
"Angelica Mesiti ",Tate Modern
Bjørn Melhus,Tate Modern
Carsten Höller,Tate Modern
Cevdet Erek,Tate Modern
Doa Aly,Tate Modern
Edward Said,Tate Modern
Fatima Al Qadiri,Tate Modern
Hala Elkoussy,Tate Modern
Haris Epaminonda,Tate Modern
Hrair Sarkissian,Tate Modern
Iman Issa,Tate Modern
Lamia Joreige,Tate Modern
Larissa Sansour,Tate Modern
Latifa Echakhch,Tate Modern
Lee Kit,Tate Modern
Maha Maamoun,Tate Modern
Mariam Ghani,Tate Modern
Nil Yalter,Tate Modern
Olafur Eliasson,Tate Modern
Otobong Nkanga,Tate Modern
Rabih Mroué,Tate Modern
Saloua Raouda Choucair,Tate Modern
Sharif Waked,Tate Modern
Shilpa Gupta,Tate Modern
Simryn Gill,Tate Modern
Tarek Halaby,Tate Modern
Thomas Werner,Tate Modern
Ziad Antar,Tate Modern
Musaed Alhulis,Technical College
Saba Innab,Technology-
Shohreh Mehran,Tehran College of Arts
Sahand Hesamiyan,Tehran International
Farshid Maleki,Tehran Museum
Monir Shahroudy Farmanfarmaian,Tehran Museum of Contemporary Art
Nargess Hashemi,Tehran Museum of Contemporary Art
Raana-Farnoud,Tehran School of Translation
Ahmad Amin Nazar,Tehran University
Mohsen Ahmadvand,Tehran University
Morteza Ahmadvand,Tehran University
Nargess Hashemi,Tehran University
Sahand Hesamiyan,Tehran University
Shahrzad Changalvaee,Tehran University
Shantia Zakerameli,Tehran University of Art
Nikolaj Bendix,Telefonica
Marcel Odenbach,Telefónica
Ahmed El Attar,Temple Independent Theatre Company
Sahand Hesamiyan,Tem Prize
Jem Cohen,Terry Riley
Yusef A. Lateef,Thad
Hrair Sarkissian,The Bluecoat
Hassan Sharif,The Flying House
Ahmed Alsoudani,The Independent
Mohamed Bourouissa,Theodore Géricault
Jessica Mein,The Pavilion Downtown (Dubai)
Muzamil Choudhury,The Prince’s School of Traditional Arts
Moataz Nasr,Thessaloniki Biennale
Mohamed Abdelkarim,Thessaloniki Biennale
Nadia Ayari,Thessaloniki Biennale
Panos Tsagaris,Thessaloniki Biennale
Rasheed Araeen,Thessaloniki Biennale
Sama Alshaibi,Thessaloniki International
Ammar Al Attar,Thessaloniki Museum
Ala Ebtekar,the Sun
Panos Tsagaris,the Sun
Ala Ebtekar,The Third Line
Fatima Al Qadiri,The Third Line
Haig Aivazian,The Third Line
Nadia Ayari,The Third Line
Susan Hefuna,The Third Line
Farshid Maleki,Thomas Erben
Ahmed Alsoudani,Times
Tarek Halaby,Ting-Yu
Michael Rakowitz,Tirana Biennale
Daniel Garcia,Tisch Graduate School
Wafaa Bilal,Tisch School
Cevdet Erek,TM
Liu Wei,Today Art Museum
Wang Jianwei,Today Art Museum
Yu-ichi Inoue,Tokyo Gakugei University
Sulayman Al Bassam,Tokyo International
Ahmad Morshedloo,Tokyo Metropolitan Museum
Firoz Mahmud,Tokyo National University of Fine Arts
Hiroyuki Masuyama,Tokyo National University of Fine Arts
Firoz Mahmud,Tokyo University of the Arts
Yusef A. Lateef,Tommy Flanagan
Steve Reinke,Tom Taylor
Basma Al Sharif,Toronto International
Kazuyo Sejima,Towada Art Center
Susan Hefuna,Townhouse
Ayman Ramadan,Townhouse Gallery
"Basim Magdy ",Townhouse Gallery
Doa Aly,Townhouse Gallery
Fouad Elkoury,Townhouse Gallery
Iman Issa,Townhouse Gallery
Lamia Joreige,Townhouse Gallery
Lara Baladi,Townhouse Gallery
Mona Marzouk,Townhouse Gallery
Setareh Shahbazi,Townhouse Gallery
Sherif El Azma,Townhouse Gallery
Mouna Karray,Town Museum
Youssef Nabil,Tracey Emin
Shadia Alem,Tracy Enim
Rania Stephan,Train-Trains
Simin Keramati,Translation
"Basim Magdy ",Transmediale
Fernando José Pereira,Transmediale
Julia Meltzer,Transmediale
Michael Rakowitz,Transmediale
Raed Yassin,Transmediale
Sharif Waked,Transmediale
Bahman Kiarostami,Treasure Cave
Hamra Abbas,Triangle Arts Trust
"Sille Storihle ",Trondheim Academy of Fine Art
Nasir Nasrallah,UAE Board
João Vasco Paiva,Ullens Center
Olafur Eliasson,Ullens Center
Wang Jianwei,Ullens Center
Yusef A. Lateef,Ulrich Kurtz
Yousef Jaha,Umm Al-Qura University
Panos Tsagaris,UN
Haris Epaminonda,Undo Foundation
Michael Rakowitz,UNESCO
Enrique Ramirez,Uniacc University
Saeed Salem,Unilever
Abdullah Al Saadi,United Arab Emirates University
Bahar Behbahani,United Nations
Manal Al Dowayan,United Nations
Shohreh Mehran,United Nations
Pablo Lobato,Universidade
"Lúcia Koch ",Universidade Federal
Pablo Lobato,Universidade Federal
Valeska Soares,University Museum of Contemporary Art
Adele Ne Jame,University of Arkansas Press
Ahmad Morshedloo,University of Art
Mostafa Darehbaghi,University of Art
Simin Keramati,University of Art
Marwa Rustam,University of Bahrain
Waheeda Malullah,University of Bahrain
Tony Chakar,University of Balamand
Wissam Shawkat,University of Basra
Abdelfattah Kilito,University of Bordeaux
Karim Aïnouz,University of Brasilia
Youssef Nabil,University of Cairo
Almagul Menlibayeva,University of California
Doris Bittar,University of California
Eungie Joo,University of California
Jayce Salloum,University of California
Nikolaj Bendix,University of California
Rayyane Tabet,University of California
Sherin Guirguis,University of California
Shirin Neshat,University of California
Standish Lawder,University of California
Tiffany Chung,University of California
Ayman Ramadan,University of Chicago
Sama Alshaibi,University of Colorado
Kassab Bachi,University of Damascus
Mounir Al-Shaarani,University of Damascus
Sulayman Al Bassam,University of Edinburgh
José Luis Martinat,University of Göthenburg
Alberto Duman,University of Greenwich
Adele Ne Jame,University of Hawaii
Melissa Chimera,University of Hawaii
Musaed Alhulis,University of Huddersfield
Basma Al Sharif,University of Illinois
Tarek Halaby,University of Iowa
Ayşe Erkmen,University of Kassel
Carsten Höller,University of Kiel
Samiah Khashoggi,University of Kingston
Hala Elkoussy,University of London
"Haroon Mirza ",University of London
Mai Al Ibrashy,University of London
Noura Bouzo,University of London
Taus Makhacheva,University of London
Thomas Demand,University of London
Yazan Khalili,University of London
Raafat Ishak,University of Melbourne
Matt Saunders,University of Michigan
Sherin Guirguis,University of Nevada
Wafaa Bilal,University of New Mexico
"Angelica Mesiti ",University of New South Wales
Khaled Sabsabi,University of New South Wales
Shirin Aliabadi,University of Paris
Youssef Abdelkė,University of Paris VIII
Salwa Aleryani,University of Petra
Abdulmajid Ali Al-Jarouf,University of Petroleum
David Spriggs,University of Quebec
Farshid Maleki,University of Reading
"Lúcia Koch ",University of São Paulo
Jawad Al Malhi,University of Southampton
Rokni Haerizadeh,University of Tehran
Nida Sinnokrot,University of Texas
Roberto Bellini,University of Texas
Lani Maestro,"University of the "
Mohammed Kazem,University of the Arts
Hayv Kahraman,University of Umea
Fernando José Pereira,University of Vigo
Alberto Duman,University of Wales
Edward Said,University of Warwick
Keith Shiri,University of Westminster
Adele Ne Jame,University of Wisconsin
Ammar Al Attar,University of Wollongong
Alberto Duman,University of Wolverhampton
Vartan Avakian,Urban Culture
Doa Aly,Ursula Biemann
Doug Henders,US Army
Melissa Chimera,US National Parks Service
Shahzia Sikander,US State Department
Firoz Mahmud,Van Beeldende
Carsten Höller,Van Beuningen
Thomas Demand,Van Beuningen
Youssef Nabil,Van Leo
Atfal Ahdath,Vartan Avakian
Hamra Abbas,VASL
Musaed Alhulis,Vehicle Systems
Abdullah Al Saadi,Venice Biennale
Adel Abidin,Venice Biennale
Adrian Paci,Venice Biennale
Ahmed Alsoudani,Venice Biennale
Aisha Khalid,Venice Biennale
Akram Zaatari,Venice Biennale
Alfredo Aquilizan,Venice Biennale
Anawana Haloba,Venice Biennale
Artur Żmijewski,Venice Biennale
Bae Young-whan,Venice Biennale
Carlos  Amorales,Venice Biennale
Carsten Höller,Venice Biennale
Ebtisam Abdulaziz,Venice Biennale
Edward Said,Venice Biennale
Emily Jacir,Venice Biennale
Eungie Joo,Venice Biennale
Fouad Elkoury,Venice Biennale
Gulnara Kasmalieva,Venice Biennale
Hans Haacke,Venice Biennale
"Haroon Mirza ",Venice Biennale
Heman Chong,Venice Biennale
Isabel Aquilizan,Venice Biennale
Jawad Al Malhi,Venice Biennale
Jesper Just,Venice Biennale
Jumana Emil Abboud,Venice Biennale
Jun Yang,Venice Biennale
Kader Attia,Venice Biennale
Lamia Joreige,Venice Biennale
Lamya Gargash,Venice Biennale
Lara Favaretto,Venice Biennale
Larissa Sansour,Venice Biennale
Liu Wei,Venice Biennale
Luz Maria Bedoya,Venice Biennale
Maha Maamoun,Venice Biennale
Maider López,Venice Biennale
Manal Al Dowayan,Venice Biennale
Moataz Nasr,Venice Biennale
Mona Hatoum,Venice Biennale
Monir Shahroudy Farmanfarmaian,Venice Biennale
mounir fatmi,Venice Biennale
Mounira Al Solh,Venice Biennale
Muratbek Djumaliev,Venice Biennale
Olafur Eliasson,Venice Biennale
Pascale Marthine Tayou,Venice Biennale
Rosalind Nashashibi,Venice Biennale
Sara Ramo,Venice Biennale
Shahzia Sikander,Venice Biennale
Sheela Gowda,Venice Biennale
Shimabuku,Venice Biennale
Shirin Neshat,Venice Biennale
Simon Fujiwara,Venice Biennale
Susan Hefuna,Venice Biennale
Taysir Batniji,Venice Biennale
Thomas Demand,Venice Biennale
Wang Jianwei,Venice Biennale
Yang Fudong,Venice Biennale
Yang Shaobin,Venice Biennale
Yazan Khalili,Venice Biennale
Yonamine,Venice Biennale
Yto Barrada,Venice Biennale
Yuko Hasegawa,Venice Biennale
Zineb Sedira,Venice Biennale
Walid Raad,Venice Biennale (Italy)
Youssef Nabil,Venice Biennale (Venice)
Hamra Abbas,Vermont Studio Center
Rasheed Araeen,V Habana
mounir fatmi,VHS
Jem Cohen,Vic Chesnutt
Walid Siti,Victoria & Albert Museum
Ahmed Mater,Victoria & Albert Museum (London)
Hamra Abbas,Victoria and Albert Museum
Hasan and Husain Essop,Victoria and Albert Museum
Imran Qureshi,Victoria and Albert Museum
Zineb Sedira,Victoria and Albert Museum
Sama Alshaibi,Video and Media
Naeem Mohaiemen,Vijay Prashad
Setareh Shahbazi,Villa Romana
Haleh Redjaian,Vincenz Sala
Amino Belyamani,Vinny Golia
Agnes Janich,Virginia Centre
Meriç Algün Ringborg,Visa
Sheela Gowda,Vishwa Bharati
Meriç Algün Ringborg,Visual Arts and Visual Communication Design
Jane & Louise Wilson,Visual Arts Centre Cambridge
Elnaz Farajollahi,Visual Art School
Standish Lawder,Visual Arts department
Burak Arikan,Visual Communication Design
Edgar Endress,Visual Technology
Sheela Gowda,Visva Bharati University
Hamra Abbas,Vitoria-Gasteiz
Reem Al Ghaith,Vitra Design Museum
Lamya Gargash,Vitra Museum
Gulnara Kasmalieva,Wales International
Muratbek Djumaliev,Wales International
"Apichatpong Weerasethakul ",Walker Art Center
Elizabeth Peyton,Walker Art Center
Eugenio Dittborn,Walker Art Center
Rika Noguchi,Walker Art Center
Wang Jianwei,Walker Art Center
Yto Barrada,Walker Art Center
Luc Sante,Walker Evans
Jayce Salloum,Wallflower Press
Bijoy Jain,Washington University
Abbas Akhavan,Watermill Center (USA)
"SUPERFLEX ",Watt Society
Yusef A. Lateef,WDR Orchestra
Otobong Nkanga,Weltkulturen Museum
Sherin Guirguis,Wendi Norris
Nida Sinnokrot,West Bank Butterfly - Kite Project
Yuko Hasegawa,Wexner Center
Doa Aly,"What, How & for Whom"
Mona Marzouk,"What, How & for Whom"
Melissa Chimera,White House
Josephine Meckseper,Whitney Biennial
Julia Meltzer,Whitney Biennial
Naeem Mohaiemen,Whitney Biennial
Shahzia Sikander,Whitney Biennial
Ala Ebtekar,"Whitney Museum of "
Bahar Behbahani,"Whitney Museum of "
Doris Bittar,"Whitney Museum of "
Jayce Salloum,"Whitney Museum of "
Karim Aïnouz,"Whitney Museum of "
Karin Sander,"Whitney Museum of "
Nida Sinnokrot,"Whitney Museum of "
Shahzia Sikander,"Whitney Museum of "
Shirin Neshat,"Whitney Museum of "
David Claerbout,Wiels Centre
Mahdi Al Jeraibi,Will Al Jeraibi
Abbas Kiarostami,Will Carry Us
Yusef A. Lateef,William Emanuel Huddleston
Ahmed El Attar,William Shakespeare
Muhamad Haider,William Turner
YOVO! YOVO!,Wimbledon University of Arts
Alexander Markov,Wim Wenders
"Haroon Mirza ",Winchester School of Art
Jawad Al Malhi,Winchester School of Art
Nika Oblak,Winter Video-
Primož Novak,Winter Video-
Sherif El Azma,Witte De Witte Center
Rasheed Araeen,Wolverhampton University
Bahar Behbahani,Women
Nil Yalter,Women
Walid Siti,World Bank
Başak Ertür,World Tribunal
José Luis Martinat,Wysing Arts Centre
Yang Shaobin,X Blind
Rania Stephan,X El
Yusef A. Lateef,YAL
Ahmed Alsoudani,Yale School of Art
Murtaza Vali,Yale School of Art
Yusef A. Lateef,YAL Records
Shiro Takatani,Yamaguchi Center
Ravi Agarwal,Yamuna-Elbe
Seigen Ono,Yellow Magic Orchestra
Bae Young-whan,Yerba Buena Center
CAMP,Yerba Buena Center
Ala Ebtekar,Yerba Buena Centre
Burak Arikan,Yildiz Technical University
Kazuyo Sejima,Yokohama National University
Hrair Sarkissian,Young Arab Theatre Fund
Ala Ebtekar,Young Fine Arts Museum
Yu-ichi Inoue,YU-ICHI Calligraphien
Yusef A. Lateef,Yusef Lateef
Samira Badran,YWCA
Ravi Agarwal,Zacheta National
Yazan Khalili,Zan Design
Wang Jianwei,Zhejiang Academy of Fine Arts
Leila Pazooki,ZKM
Andrei Ujică,ZKM Film Institute
