Id,type
13th PURE DREAMS International,Organization
55th Carnegie International,Organization
98weeks Project Space,Organization
AA,Organization
Abdul Hameed Shoman Foundation,Organization
Abraaj Art Capital,Organization
Abraaj Capital,Organization
Abrons Arts Center,Organization
Abu Dhabi Film Festival,Organization
Academy of Art University,Organization
Academy of Arts,Organization
Academy of Fine Art,Organization
Academy of Fine Arts,Organization
Academy of Media Arts,Organization
Academy of the Arts,Organization
Accademia Carrara di Belle Arti,Organization
ACP,Organization
Advertising and Marketing,Organization
Africa Cultural Centre,Organization
Africa Media Centre,Organization
Africa Movie Academy,Organization
Aichi Prefectural University of Fine Arts,Organization
Aichi Triennale,Organization
AIF,Organization
Akademia e Arteve,Organization
Al Burda International,Organization
Al Karmel Magazine,Organization
al Kora University,Organization
Al Mansouria Foundation,Organization
Al Qattan Foundation,Organization
Al Rayat Music School,Organization
Al Riwaq Art Space,Organization
Al-Mansouria Foundation,Organization
Al-Najah University,Organization
Albert Museum,Organization
Aldrich Contemporary Art Museum,Organization
Alexandria Contemporary Arts Forum,Organization
Alia Art Company,Organization
Alternative Museum,Organization
Amherst College,Organization
Amman Museum of Modern Art,Organization
Amnesty International and International,Organization
AND Galeria,Organization
Andy Warhol Museum,Organization
Anglia Polytechnic University,Organization
Annual International,Organization
Aoyama Normal School,Organization
AP,Organization
Apeejay Media,Organization
Aperture Foundation (New York),Organization
Arab,Organization
"Arab ",Organization
Arab Image Foundation,Organization
Arab Museum of Modern Art,Organization
Arab National Museum,Organization
Arab World Institute,Organization
Architectural Association,Organization
Architectural Association School of Architecture,Organization
Architecture,Organization
Architecture and Graphic Design,Organization
Architecture University,Organization
Architecture- Jordan University of Science,Organization
Arcos Institute,Organization
Argos,Organization
Arizona State University,Organization
Arizona State University Art Museum,Organization
ARKEN Museum,Organization
Arken Museum,Organization
Armando Álvares Penteado Foundation,Organization
Armory Center,Organization
Army,Organization
Arnolfini,Organization
Arnolfini Museum,Organization
Ars Electronica Center,Organization
ART,Organization
Art Academy,Organization
Art and Design,Organization
Art and Media,Organization
Art Centre,Organization
Art College,Organization
Art Dubai,Organization
Art Education,Organization
Art in General,Organization
Art Institute of Chicago,Organization
Art School Palestine,Organization
Art Society,Organization
Art Theory & Practice,Organization
Art University,Organization
Art University of Tehran,Organization
Artist Project,Organization
Arts & Design Faculty,Organization
Arts and Cultural Management,Organization
Arts and Media,Organization
Arts Centre,Organization
Arts Council Montreal,Organization
Arts Council of England,Organization
Arts Fellowship Fund,Organization
Artsonje Center,Organization
Artspace,Organization
Asar Gallery,Organization
Ashgate Press,Organization
Asia Society,Organization
Asia Society Museum,Organization
Asia-Australia Arts Center,Organization
Asian,Organization
Asian Art Council,Organization
Asian Art Museum,Organization
Asian Art Museum of San Francisco,Organization
Asian Cultural Council,Organization
Association of Arab,Organization
Association of Culture,Organization
Assumption College,Organization
Atelier d’Art Abstrait,Organization
Athr Gallery,Organization
Atlas Group,Organization
Auction,Organization
Australian Centre,Organization
Avant-garde Folk Music Club,Organization
Ayyam Gallery,Organization
Azad University,Organization
BA,Organization
Babusch Project,Organization
Babush Project,Organization
BAC,Organization
Baghdad University,Organization
Bahrain Art Society,Organization
Bahrain National Museum,Organization
Bahrain University,Organization
Bahçesehir University,Organization
Balfaqih Visual Communication Consultants,Organization
BALTIC Centre,Organization
Barbican Centre,Organization
Barclays,Organization
Bard,Organization
Bard College,Organization
Barjeel Art Foundation,Organization
Barjeel Foundation,Organization
Bauhaus University,Organization
BBC,Organization
BCA,Organization
Beaconhouse National University,Organization
Beaver Group,Organization
Beirut Arab University,Organization
Beirut Art Center,Organization
Beirut City Centre,Organization
Beirut Exhibition Center,Organization
Beirut International,Organization
Beirut-based Arab Image Foundation,Organization
Benesse Corporation,Organization
Beppu International,Organization
Berardo Museum,Organization
Bergen Art Museum,Organization
Berkeley Art Museum,Organization
Berklee College of Music,Organization
Berlin Film Festival,Organization
Berlin International,Organization
Berlin Technical University,Organization
Berlin University of Arts,Organization
Berlinale World Cinema Fund,Organization
Bethanien,Organization
Bezalel Academy,Organization
Bezalel Academy of Arts and Design,Organization
Bibliothèque Nationale de France,Organization
Bielefelder Kunstverein,Organization
Biennale of Paris,Organization
Biennale of Sydney,Organization
Biennial,Organization
Biennial of Contemporary Art in Bourges,Organization
Birkbeck College,Organization
Birzeit University,Organization
Biwako Hall Center,Organization
Blandy-les-Tours,Organization
Blanton Museum of Art,Organization
BM,Organization
BMG Foundation,Organization
BMW,Organization
Body & Soul,Organization
Bombardier,Organization
Bonnefanten Museum,Organization
Botin Foundation,Organization
Bourges School of Fine Arts,Organization
BR,Organization
Brancolini & Grimaldi Gallery,Organization
Brighton & Hove Museum,Organization
Bristol University,Organization
British Airways,Organization
Broad Museum,Organization
Bronx Museum,Organization
Brooklyn Art Council,Organization
Brooklyn Museum,Organization
Busan Biennale,Organization
Busan International,Organization
Byam Shaw School of Art,Organization
Cabinet,Organization
Cairo Biennial,Organization
Cairo Cemetery Salvage Project,Organization
Cairo International,Organization
Cairo Opera House,Organization
Cairo-Documenta,Organization
CalArts,Organization
California Arts Council,Organization
California College of the Arts,Organization
California Community Foundation,Organization
California Institute of the Arts,Organization
California State University,Organization
Calligraphy Association of Iran,Organization
Cambridge University,Organization
Camden Arts Centre,Organization
Can Serrat International,Organization
Canary Islands Biennale,Organization
Canvas Magazine,Organization
Capital One,Organization
Carnegie International,Organization
Carnegie Mellon School of Art,Organization
Carnegie Mellon University,Organization
Carnegie Museum of Art,Organization
Carpenter Center,Organization
Cartier,Organization
CCA,Organization
CCA Wattis Institute,Organization
Central Drama Academy,Organization
Central Saint Martins College of Art and Design,Organization
Central Saint Martins School of Art,Organization
Central St Martins College of Art,Organization
Centre d'Art Contemporain,Organization
Centre d’Art Vivant at Rades (Tunisia),Organization
Centre for Research Architecture,Organization
Century,Organization
Century Museum of Contemporary Art,Organization
Chamber of Public Secrets,Organization
Chelsea Art Museum,Organization
Chelsea College of Art,Organization
Chelsea College of Art and Design,Organization
Chelsea Hotel,Organization
Cheongju University,Organization
Chiang Mai University,Organization
Chicago Cultural Center,Organization
Chicago Tribune,Organization
China Academy of Art,Organization
China International,Organization
Chiyoda,Organization
Christophers School,Organization
Cincinnati Art Center,Organization
Cinema and Television,Organization
Cinema History Department,Organization
Cinema Production Centre,Organization
Cite Internationale des Arts (Paris),Organization
Cité Internationale des Arts,Organization
City College of New York,Organization
City Museum,Organization
City University of New York,Organization
Cité,Organization
Cité International,Organization
Civitella Ranieri Foundation (Umbria,Organization
CNN,Organization
Coach House Press,Organization
Coca-Cola,Organization
College of Creative Studies,Organization
College of Fine Art,Organization
College of London,Organization
Columbia University,Organization
Columbus Museum of Art,Organization
Communication,Organization
Communication Art and Design,Organization
Communication Design,Organization
Concordia University,Organization
Congress,Organization
Constellation Records,Organization
Contemporary,Organization
Contemporary Art and Multicultural Education,Organization
Contemporary Art Center,Organization
Contemporary Art Center Cincinnati,Organization
Contemporary Art Centre,Organization
Contemporary Art Forum,Organization
Contemporary Art Gallery,Organization
Contemporary Art Magazine,Organization
Contemporary Art Museum,Organization
Contemporary Arts Forum,Organization
Contemporary Islamic Art Exhibition,Organization
CONTINENTE Research Center,Organization
Cooper Hewitt National Design,Organization
Cooper Union,Organization
Cooper Union School,Organization
Cornell University,Organization
Cornerhouse,Organization
CPC,Organization
Creative Capital,Organization
Creative Design,Organization
Creators Project,Organization
Cultural Center,Organization
Cultural District Authority,Organization
Cultural Studies Laboratory,Organization
Culture,Organization
Culture Centre,Organization
DAAD,Organization
Dagestan Museum of Fine Art,Organization
Daihatsu,Organization
Daimler,Organization
Dar Al Hekma,Organization
Dar Al Hekma College,Organization
Darat al Funun,Organization
Darat Al-Funun,Organization
David Rockefeller Center,Organization
Davide Balliano & Panos Tsagaris,Organization
de Appel Arts Centre,Organization
De Montfort College,Organization
Delfina Foundation,Organization
Delfina Foundation (Dubai,Organization
Denmark & Helsinki,Organization
Denmark National Museum,Organization
Department of Architecture,Organization
Department of Art,Organization
Department of Graphics,Organization
"Department of the ",Organization
Deste Foundation,Organization
Detroit Symphony Orchestra,Organization
Deutsche Bank,Organization
Deutsche Guggenheim,Organization
Devi Art Foundation,Organization
Dhaka University,Organization
Dia,Organization
Dia Art Foundation,Organization
DIFC,Organization
DIS Magazine,Organization
Dizzy Gillespie Orchestra,Organization
DNA,Organization
Documenta,Organization
Drawing Center,Organization
Dubai Culture and Arts Authority,Organization
Dubai International Film Festival,Organization
Duke University,Organization
Dundee Contemporary Arts Centre,Organization
East London University,Organization
EC,Organization
Ecole National,Organization
Edge of Arabia,Organization
Edgware Road Project,Organization
Electronic Arts,Organization
Emily Carr Institute of Art & Design,Organization
Emily Carr University,Organization
Emirates Fine Art Society,Organization
Emirates Fine Arts Society,Organization
Emirates Palace Hotel,Organization
Etemad Gallery,Organization
European Academy of Photography,Organization
European Media,Organization
European Parliament,Organization
European Union,Organization
Faculty of Fine Arts,Organization
Farjam Collection,Organization
Federal Reserve Bank,Organization
Festival International,Organization
FIAC,Organization
Film & Television Course,Organization
Film and Television,Organization
Fine,Organization
Fine Art Academy,Organization
Fine Art Media,Organization
Fine Arts Advisory Committee,Organization
Fine Arts Department,Organization
Fine Arts Work Center,Organization
Finish Museum of Photography,Organization
FLAG Art Foundation,Organization
Fondation Cartier,Organization
Fonds national d’art contemporain,Organization
Foreign Ministry,Organization
FotoMuseum,Organization
Fourteenth Damascus International,Organization
Fox,Organization
French Cinemathèque,Organization
French National Library,Organization
Freud Museum,Organization
Fribourg International,Organization
Frieze Foundation,Organization
Frutta Gallery,Organization
Frye Art Museum,Organization
Fukukoa Art Museum,Organization
Fukuoka Art Museum,Organization
Fukuoka Asian Art Museum,Organization
GA Symphony Orchestra,Organization
Galeri NON,Organization
Galerie,Organization
Galerie du Jour,Organization
Galerie Michel Rein,Organization
Galerie Nordenhake,Organization
Galerie Sfeir-Semler,Organization
Galleri Mejan,Organization
Gallery Isabelle van den Eynde,Organization
Gallery IVDE,Organization
Garage Center,Organization
Garden Isle Arts Council,Organization
Gawangju,Organization
GDR,Organization
GEMAK Museum,Organization
Generali Foundation,Organization
Geography and Information Systems,Organization
George Mason University,Organization
Georges Pompidou Centre,Organization
Georgetown University,Organization
Gerrit Rietveld Academie,Organization
Gerrit Rietveld Academy,Organization
Gezira Art Center,Organization
Glasgow School of Art,Organization
Global Art Forum,Organization
Global Foundation,Organization
Goldsmith College,Organization
Goldsmiths College,Organization
Goldsmiths College of Art,Organization
"Goldsmiths, University of London",Organization
Google,Organization
Government,Organization
Graphic Design,Organization
Grassi Museum,Organization
Greenbox Museum,Organization
Guangzhou Academy of Fine Arts,Organization
Guggenheim,Organization
Guggenheim Abu Dhabi Project,Organization
Guggenheim Bilbao,Organization
Guggenheim Foundation,Organization
Guggenheim Museum,Organization
Guggenheim Walthamstow,Organization
Guild Art Gallery,Organization
Gwangju,Organization
Gwangju Biennale,Organization
Gwangju Design,Organization
Gwanju Biennale,Organization
Gävle Konstcentrum Library,Organization
Göteborg International,Organization
Göteborg Museum of Art,Organization
Göthenburg,Organization
Hague Gemeente Museum,Organization
Haifa University,Organization
Hamburg International,Organization
Hamburger Bahnhof Museum,Organization
Hamburger Kunsthalle,Organization
Hammer Museum,Organization
Hara Museum of Contemporary Art,Organization
Harbour Magazine,Organization
Harvard,Organization
Harvard Business School,Organization
Harvard University,Organization
Haus Der Kunst,Organization
Havana Biennale,Organization
Havana Biennial,Organization
Hawaii Pacific University,Organization
Hebei Institute of Light Industry,Organization
Helsinki Academy of Art Gallery,Organization
Helsinki Art Museum,Organization
Helwan University,Organization
Her George Mason University,Organization
Hermes,Organization
Hermés Korea Foundation,Organization
Herning Museum of Contemporary Art,Organization
Hesign Publishing & Design,Organization
High School,Organization
Higher Institute of Drama,Organization
Higher Institute of Dramatic Arts,Organization
Higher Institute of Music,Organization
Hirshhorn Museum,Organization
His Abduction Records,Organization
Hochschule der Künste,Organization
Hochschule für bildende Künste,Organization
Hong Kong Art Centre,Organization
Hong-Gah Museum,Organization
Hongik University,Organization
House,Organization
Human,Organization
Human Rights Project,Organization
Humankind,Organization
Hunter College,Organization
Hunter College (New York),Organization
Ian Potter Museum of Art,Organization
ICA,Organization
Imperial Belvedere Palace Museum,Organization
Imperial War Museum,Organization
Incest Museum,Organization
Incheon International,Organization
Independent Curators Inc,Organization
Indianapolis Museum of Art,Organization
Indus Valley School of Art,Organization
Inflexions,Organization
Information,Organization
Infusion and Media,Organization
Institut du Monde Arabe,Organization
Institut du Monde Arabe (Paris),Organization
Institut National des Beaux-Arts de Tétouan,Organization
Institute of Art,Organization
Institute of Contemporary Art,Organization
Institute of Contemporary Arts,Organization
Institute of Fine Arts,Organization
Inter-Society for the Electronic Arts,Organization
International Academy of Art,Organization
International Academy of Art Palestine,Organization
International Arts Advisory Council,Organization
International Center of Photography,Organization
International Centre of Photography,Organization
International Moscow Biennale for Young Art,Organization
Inujima House Project,Organization
Iraq Calligraphy Society,Organization
Iraq Memory Foundation,Organization
Isabella Stewart Gardner Museum,Organization
ISEA,Organization
Isfahan University of Art,Organization
Islamic Art Department,Organization
Israel Museum,Organization
Istanbul Biennial,Organization
Istanbul Bilgi University,Organization
Istanbul Design,Organization
Istanbul International,Organization
Istanbul Modern,Organization
IUAV,Organization
Jabri Human Heritage Foundation,Organization
Jahad University,Organization
James Thomson Art Center,Organization
Jamm Art Foundation,Organization
Janáček Institute,Organization
Japan Media,Organization
Jeddah Hilton Hotel,Organization
Jeddah School of Fine Arts,Organization
Ji,Organization
Jordanstone College of Art,Organization
Julia Stoschek Foundation (Germany),Organization
June Paik Art Center,Organization
Kadist,Organization
Kadist Art Foundation,Organization
Kala Press,Organization
Kalfayan Galleries,Organization
Karlsruhe University of Arts,Organization
Karlsruher Kunstverein,Organization
Katara Arts Center,Organization
Kazuyo Sejima Spatial Design,Organization
Kemper Art Museum,Organization
Ken School of Art,Organization
Kennedy Centre (Washington),Organization
Khalifa University,Organization
Khalil Sakakini Cultural Center,Organization
Khatt,Organization
Khatt Foundation,Organization
Khulna Vision TV,Organization
Kiasma Museum of Contemporary Art,Organization
Kick,Organization
Kim Einarsson & Stine Hebert,Organization
King Abdul Aziz University,Organization
King Fahad University,Organization
King Saud University,Organization
Kings College London,Organization
Kingston University,Organization
Kish Documentary Film Festival,Organization
Knoll International,Organization
Koli,Organization
Koli Artist-in-Residence Centre,Organization
Konrad Wolf University of Film,Organization
Konstakademien,Organization
Kunst Museum,Organization
Kunstakademie Düsseldorf,Organization
Kunsthal Charlottenborg,Organization
Kunstmuseum Bonn,Organization
Kunstraum Kreuzberg,Organization
Kunstverein,Organization
Kurpfälzisches Museum,Organization
KW Institute,Organization
Kyoto City University of Arts,Organization
Kyoto Performing Arts Center,Organization
Kyoto Seika University,Organization
Kyrgyz National Museum of Fine Arts,Organization
Kyrgyz State Art College,Organization
Kyrgyz State College of Fine Art,Organization
La Maison Rouge,Organization
Lab Project,Organization
Laguna Beach Art Museum,Organization
Lam Contemporary Art Center,Organization
Landesmuseum Joanneum GmbH,Organization
Las Vegas Art Museum,Organization
Le Fresnoy Studio National,Organization
Le Printemps de Septembre (France),Organization
Lebanese University,Organization
Leeum Museum of Art,Organization
Leiden Museum Amsterdam,Organization
Leiden Museum of Ethnology,Organization
Leiden University,Organization
Leighton House Museum,Organization
Library,Organization
Life,Organization
Life Magazine,Organization
Lima Art Museum,Organization
Linda Pace Foundation,Organization
Line,Organization
Linköping University,Organization
Liverpool Biennial,Organization
London College of Communication,Organization
Los Angeles County Museum,Organization
Los Angeles County Museum of Art,Organization
Los Angeles County Museum of Art (Los Angeles),Organization
Los Angeles Museum of Contemporary Art,Organization
Louis Comfort Tiffany Foundation,Organization
Louisiana Museum,Organization
Lund University,Organization
LUX,Organization
Maakous Sculptors Group,Organization
MacArthur Foundation,Organization
Mallarmé Project,Organization
Malmö Art Academy,Organization
Malmö Art Museum,Organization
Malmö Fine Art Academy,Organization
Malmö Konsthall,Organization
Manara & Kimo,Organization
Manarat Al Saadiyat,Organization
"Manifesta ",Organization
Mansoojat Foundation,Organization
Maraya Art Centre,Organization
Maraya Contemporary Art Centre,Organization
Marcel Odenbach & Robert Cahen (Buenos Aires,Organization
Mario Merz Foundation,Organization
Marrakech Biennale,Organization
Mart Museum,Organization
Maryland Institute College of Art,Organization
Mass Communications,Organization
Massachusetts Institute of Technology,Organization
Massana School of Applied Arts,Organization
MassMOCA,Organization
Mathaf Museum,Organization
Media Studies Department,Organization
Media Theory and Digital Media,Organization
Mediterranean Project,Organization
Meessen De Clerq,Organization
Mercedes,Organization
Mercosur,Organization
Metropolitan Museum,Organization
Metropolitan Museum of Art,Organization
Miami Dade College,Organization
Michaelis School of Fine Art,Organization
Michigan State University,Organization
Middle East Technical University,Organization
Middlesex University,Organization
Miftaha Arts Village,Organization
Migros Museum,Organization
Mikkeli Art Museum,Organization
Milwaukee Art Museum Milwaukee,Organization
Ministry of Culture,Organization
Ministry of Energy,Organization
Minneapolis College of Art,Organization
Minneapolis College of Art and Design,Organization
Minneapolis Institute of Art,Organization
Minsheng Art Museum,Organization
Miramar Museum,Organization
MIT Press,Organization
Mobile Cinema Department,Organization
Mobile-School,Organization
Modern,Organization
Modern Art Museum,Organization
Moderna Museet,Organization
Mohamed V University,Organization
MoMA,Organization
MoMA PS1,Organization
Monaco Foundation,Organization
Monash University Museum of Art,Organization
Montreal Museum of Fine Arts,Organization
Monument Group,Organization
MOP,Organization
Mori Art Museum,Organization
Mori Museum of Art,Organization
Moscow Academy of Fine Arts,Organization
Moscow International,Organization
Moscow Museum of Modern Art,Organization
Movers & Shakers,Organization
MTV,Organization
MUHKA,Organization
MuHKA,Organization
MuHKA Contemporary Art Museum,Organization
Mukhina Academy of Art,Organization
Multimedia Art Museum,Organization
MUSAC,Organization
Museo,Organization
Museo de Arte de Zapopan,Organization
Museo del Palacio de Bellas Artes,Organization
Museo Tamayo,Organization
Museu,Organization
Museu da Cidade,Organization
Museum Folkwang,Organization
Museum Kunst Palast,Organization
Museum of Applied Arts,Organization
Museum of Art,Organization
Museum of Contemporary,Organization
Museum of Contemporary Art,Organization
Museum of Contemporary Art Detroit,Organization
Museum of Contemporary Art Tokyo,Organization
Museum of Contemporary Photography Chicago,Organization
Museum of Fine Arts,Organization
Museum of Fine Arts Houston,Organization
Museum of Islamic Art,Organization
Museum of Islamic Art (Doha),Organization
Museum of Memory,Organization
Museum of Modern Art,Organization
Museum of Modern Art (New York),Organization
Museum of Modern Art Oxford,Organization
Museum of Optography,Organization
Museum of the Central Academy,Organization
Music,Organization
Muswell Press,Organization
Musée,Organization
Musée de l’Homme,Organization
Musée National,Organization
Musée national d’art moderne et contemporain,Organization
Naghshe Kowsar Art School,Organization
Nagoya University of Arts,Organization
National Academy,Organization
National and International,Organization
National Art Academy,Organization
National Art Gallery,Organization
National Centre,Organization
National College of Arts,Organization
National College of Lahore,Organization
National Fine Arts Institute,Organization
National Gallery,Organization
National Gallery of Victoria,Organization
National Museum,Organization
National Museum Cardiff,Organization
National Museum of Art,Organization
National Museum of Bahrain,Organization
National Museum of Carthage,Organization
National Museum of Contemporary Art,Organization
National Museum of Kuwait,Organization
National Museum of Mali,Organization
National Museum of Quebec,Organization
National Museum of Women,Organization
National School of Fine Arts,Organization
National School of Photography,Organization
National Studio,Organization
National Taiwan Museum of Fine Arts,Organization
Native Hawaiian Plant Society,Organization
Natural Resources Management,Organization
Nayruz Holdings,Organization
NED University,Organization
Nelson-Atkins Museum of Art,Organization
Neuberger Museum of Art,Organization
New,Organization
New European Media,Organization
New Media,Organization
New Museum,Organization
New Museum of Contemporary Art,Organization
New School,Organization
New York Cooper Union,Organization
New York Foundation,Organization
New York International,Organization
New York New Museum of Contemporary Art (United States),Organization
New York Public School,Organization
New York Times,Organization
New York University,Organization
New York University Abu Dhabi,Organization
Newcastle Polytechnic,Organization
Newsweek,Organization
Neyshabour Institute,Organization
Night School,Organization
Nomas Foundation,Organization
Non,Organization
Northern Media School,Organization
Northwestern University,Organization
Norton,Organization
Nova Scotia College of Art,Organization
NUS Museum,Organization
Oasis Magazine,Organization
Oberhausen Short Film Festival,Organization
Oceanside Museum,Organization
Onestar Press,Organization
Open Society Institute Budapest,Organization
Opera,Organization
Optography,Organization
Orange County Museum,Organization
Orange County Museum of Art,Organization
Orléans Institute of Music,Organization
Osaka Museum,Organization
Osaka Museum of History,Organization
Oslo National Academy of the Arts,Organization
Osthaus Museum,Organization
Outpost for Contemporary Art (Los Angeles,Organization
Pacific Asia Museum,Organization
Palais,Organization
Palais de Tokyo,Organization
Palais International,Organization
Palazzo Grassi,Organization
Palestine Airlines,Organization
Palestine Polytechnic University,Organization
Palestinian Ministry of Culture,Organization
Palestinian Museum of Natural History,Organization
Paradise Row,Organization
Paraguay Press,Organization
Parasol Unit Foundation,Organization
"Paris ",Organization
Paris Photo,Organization
Parliament,Organization
PARQ Magazine,Organization
Parsons School of Design,Organization
Paul Robeson Fund,Organization
Payam Moasser Tehran School,Organization
Performance & Film Programme,Organization
Petach-Tikva Museum,Organization
Petersburg Project,Organization
Petersburg University of Culture,Organization
Petronas,Organization
Petronium Press,Organization
Phaidon Press,Organization
Philadelphia Art Museum,Organization
Philadelphia Museum of Art,Organization
Photography,Organization
Pinault Foundation,Organization
Pinchuk Art Centre,Organization
Plastic Art Committee,Organization
Plastic Art School,Organization
Point Centre,Organization
Polaroid,Organization
Pompidou Centre,Organization
Pontevedra Bienal,Organization
Portland State University,Organization
Post-Apollo Press,Organization
Power Plant,Organization
Pratt Institute,Organization
Prefix Institute of Contemporary Art,Organization
Prince Bernhard Cultural Foundation,Organization
Pritzker,Organization
Proa Foundation,Organization
Project Art Center,Organization
PS,Organization
Qalandiya,Organization
Qalandiya International,Organization
Qatar Museum,Organization
Qatif,Organization
Qatif Arts Group,Organization
Quai Branly Museum,Organization
Queens College,Organization
Queens Museum,Organization
Queens Museum of Art,Organization
Real DMZ Project,Organization
Real Estate,Organization
Recontres Internationales de la Photographie d’Arles,Organization
REDCAT,Organization
Redux Art Center,Organization
Reflection & Imagination,Organization
Regional Institute,Organization
Renaissance Society,Organization
Research & Publishing Company,Organization
Research Centre,Organization
Rhode Island School of Design,Organization
Rhona Hoffman Gallery,Organization
Richmond Art Center,Organization
Ridgeway Press,Organization
Rietberq Museum,Organization
Riyadh Institute of Arts,Organization
RMIT University,Organization
Robert College,Organization
Robert Rauschenberg Foundation,Organization
Rochester Contemporary Art Center,Organization
Rockefeller Foundation,Organization
Rockefeller Media,Organization
Rodchenko School of Photography,Organization
Rolex Learning Center,Organization
Rolls-Royce,Organization
Rome Academy,Organization
Rooseum,Organization
Rossi & Rossi,Organization
Roy Sfeir Gallery,Organization
"Royal ",Organization
Royal Academy,Organization
Royal College of Art,Organization
Royal Geographic Society,Organization
Royal Geographical Society,Organization
Royal Ground,Organization
Royal Hibernian Academy,Organization
Royal Institute of Art,Organization
Royal Ontario Museum,Organization
Royal Shakespeare Company,Organization
Royal Turismo,Organization
RSC,Organization
Rugby School,Organization
Running Horse Contemporary Art Space,Organization
Rushmore University,Organization
Russell Sage Foundation,Organization
Rwanda Project,Organization
Ryerson University,Organization
Sabanci University,Organization
Saloua Raouda Choucair Foundation,Organization
SALT Beyoglu,Organization
Samsung Museum of Art,Organization
San Diego Museum of Art,Organization
San Francisco Art Institute,Organization
San Francisco Museum of Modern Art,Organization
Santiago International,Organization
Saudiaat,Organization
Saudiaat Art Association,Organization
Saudiaat Art Group,Organization
Savannah College of Art and Design,Organization
Savannah College of Art and Design (Savannah),Organization
Savoy,Organization
Savoy Records,Organization
Scenography and Media,Organization
Schering Foundation,Organization
School of Architecture,Organization
School of Architecture and Design,Organization
School of Art,Organization
School of Fine Arts,Organization
School of the Art Institute of Chicago,Organization
School of Traditional Arts,Organization
School of Visual Arts,Organization
Scottsdale Museum of Contemporary Art,Organization
Sculpture,Organization
Sculpture Project,Organization
SED,Organization
Selected Group,Organization
Selma Feriani Gallery,Organization
Seoul International Media,Organization
Serpentine,Organization
Serpentine Galleries,Organization
Serpentine Gallery,Organization
Sfeir-Semler Gallery,Organization
Sfeir-Semler Gallery Beirut,Organization
Shanghai Biennale,Organization
Sharjah Art Foundation,Organization
Sharjah Art Museum,Organization
Sharjah Biennial,Organization
Shawqi Museum,Organization
Sheffield Hallam University,Organization
Sherman Contemporary Art Foundation,Organization
Shoman Foundation,Organization
Sierra Club,Organization
Silent Partners,Organization
Simon Rees & Bärbel Vischer,Organization
Simplicity,Organization
Singapore Art Museum,Organization
Singapore Biennale,Organization
Sint-Lukas University College of Art,Organization
Skowhegan School of Painting,Organization
Sky,Organization
Slade School of Art,Organization
Slade School of Fine Art,Organization
Slade School of Fine Arts,Organization
Slought Foundation,Organization
Smart Museum of Art,Organization
Social Research University,Organization
Socialist Unity Party of Germany,Organization
Society of Culture,Organization
Society of Painters,Organization
Solomon Guggenheim Museum,Organization
Solstice Arts Centre,Organization
Sooreh University,Organization
Sorbonne University,Organization
Sotheby's,Organization
Southampton University,Organization
Soviet Union,Organization
Space International,Organization
Spatial Design,Organization
Sprengel Museum,Organization
Sprengel Museum Hanover,Organization
Squint Fucker Press,Organization
Staatliches Museum Schwerin,Organization
Stage Design,Organization
Stanford University,Organization
State,Organization
State Academy for Art and Design,Organization
State Central Theatre Museum,Organization
State University of New York,Organization
Stedelijk Museum,Organization
Stedelijk Museum Bureau,Organization
Stedelijk Museum Bureau Amsterdam,Organization
Steinhardt Art Department,Organization
Steinhardt School of Culture,Organization
Steirischer Herbst,Organization
Stella Art Foundation,Organization
Stenersen Museum,Organization
Sternberg Press,Organization
Sternersen Museum,Organization
Stiftung Kunstfonds,Organization
Stockholm Music and Arts Festival,Organization
Strait Project,Organization
Studio 1.1,Organization
Studio Emad Eddin Foundation,Organization
Studio National,Organization
Stuttgart State Academy of Art,Organization
Sultan Gallery,Organization
Sunset,Organization
Surrey Institute of Art,Organization
Sutton Gallery,Organization
Sydney Biennale,Organization
Sydney Biennial,Organization
Syracuse University,Organization
Syracuse University Press,Organization
Sysracuse University Press,Organization
São Paulo Biennial,Organization
Taipei Biennial,Organization
Taipei Contemporary Art Center Tokyo,Organization
Taipei Fine Arts Museum,Organization
Taipei Museum of Art,Organization
Taishin Bank Foundation,Organization
Taishin Project,Organization
Tallinn Academy of Fine Arts,Organization
Tama Art University,Organization
Tamayo Museum,Organization
Tangier International,Organization
Tasami Center,Organization
Tashkeel,Organization
Tate Modern,Organization
Technical College,Organization
Technology-,Organization
Tehran College of Arts,Organization
Tehran International,Organization
Tehran Museum,Organization
Tehran Museum of Contemporary Art,Organization
Tehran School of Translation,Organization
Tehran University,Organization
Tehran University of Art,Organization
Telefonica,Organization
Telefónica,Organization
Temple Independent Theatre Company,Organization
The Bluecoat,Organization
The Flying House,Organization
The Independent,Organization
The Pavilion Downtown (Dubai),Organization
The Prince’s School of Traditional Arts,Organization
the Sun,Organization
The Third Line,Organization
Thessaloniki Biennale,Organization
Thessaloniki International,Organization
Thessaloniki Museum,Organization
Times,Organization
Tirana Biennale,Organization
Tisch Graduate School,Organization
Tisch School,Organization
TM,Organization
Today Art Museum,Organization
Tokyo Gakugei University,Organization
Tokyo International,Organization
Tokyo Metropolitan Museum,Organization
Tokyo National University of Fine Arts,Organization
Tokyo University of the Arts,Organization
Toronto International,Organization
Towada Art Center,Organization
Town Museum,Organization
Townhouse,Organization
Townhouse Gallery,Organization
Train-Trains,Organization
Transmediale,Organization
Triangle Arts Trust,Organization
Trondheim Academy of Fine Art,Organization
UAE Board,Organization
Ullens Center,Organization
Umm Al-Qura University,Organization
UN,Organization
Undo Foundation,Organization
UNESCO,Organization
Uniacc University,Organization
Unilever,Organization
United Arab Emirates University,Organization
United Nations,Organization
Universidade,Organization
Universidade Federal,Organization
University Museum of Contemporary Art,Organization
University of Arkansas Press,Organization
University of Art,Organization
University of Bahrain,Organization
University of Balamand,Organization
University of Basra,Organization
University of Bordeaux,Organization
University of Brasilia,Organization
University of Cairo,Organization
University of California,Organization
University of Chicago,Organization
University of Colorado,Organization
University of Damascus,Organization
University of Edinburgh,Organization
University of Greenwich,Organization
University of Göthenburg,Organization
University of Hawaii,Organization
University of Huddersfield,Organization
University of Illinois,Organization
University of Iowa,Organization
University of Kassel,Organization
University of Kiel,Organization
University of Kingston,Organization
University of London,Organization
University of Melbourne,Organization
University of Michigan,Organization
University of Nevada,Organization
University of New Mexico,Organization
University of New South Wales,Organization
University of Paris,Organization
University of Paris VIII,Organization
University of Petra,Organization
University of Petroleum,Organization
University of Quebec,Organization
University of Reading,Organization
University of Southampton,Organization
University of São Paulo,Organization
University of Tehran,Organization
University of Texas,Organization
"University of the ",Organization
University of the Arts,Organization
University of Umea,Organization
University of Vigo,Organization
University of Wales,Organization
University of Warwick,Organization
University of Westminster,Organization
University of Wisconsin,Organization
University of Wollongong,Organization
University of Wolverhampton,Organization
US Army,Organization
US National Parks Service,Organization
US State Department,Organization
VASL,Organization
Vehicle Systems,Organization
Venice Biennale,Organization
Venice Biennale (Italy),Organization
Venice Biennale (Venice),Organization
Vermont Studio Center,Organization
VHS,Organization
Victoria & Albert Museum,Organization
Victoria & Albert Museum (London),Organization
Victoria and Albert Museum,Organization
Video and Media,Organization
Villa Romana,Organization
Virginia Centre,Organization
Visa,Organization
Visual Art School,Organization
Visual Arts Centre Cambridge,Organization
Visual Arts department,Organization
Visual Arts and Visual Communication Design,Organization
Visual Communication Design,Organization
Visual Technology,Organization
Visva Bharati University,Organization
Vitra Design Museum,Organization
Vitra Museum,Organization
Wales International,Organization
Walker Art Center,Organization
Wallflower Press,Organization
Washington University,Organization
Watermill Center (USA),Organization
Watt Society,Organization
WDR Orchestra,Organization
Weltkulturen Museum,Organization
West Bank Butterfly - Kite Project,Organization
Wexner Center,Organization
White House,Organization
Whitney Biennial,Organization
"Whitney Museum of ",Organization
Wiels Centre,Organization
Wimbledon University of Arts,Organization
Winchester School of Art,Organization
Witte De Witte Center,Organization
Wolverhampton University,Organization
Women,Organization
World Bank,Organization
World Tribunal,Organization
Wysing Arts Centre,Organization
YAL,Organization
YAL Records,Organization
Yale School of Art,Organization
Yamaguchi Center,Organization
Yellow Magic Orchestra,Organization
Yerba Buena Center,Organization
Yerba Buena Centre,Organization
Yildiz Technical University,Organization
Yokohama National University,Organization
Young Arab Theatre Fund,Organization
Young Fine Arts Museum,Organization
YWCA,Organization
Zacheta National,Organization
Zan Design,Organization
Zhejiang Academy of Fine Arts,Organization
ZKM,Organization
ZKM Film Institute,Organization
École des Beaux-Arts,Organization
École Nationale des Arts Décoratifs,Organization
École Supérieure des Beaux Arts de Paris,Organization
Abbas Akhavan,Person
Abbas Kiarostami,Person
Abdelfattah Kilito,Person
Abdelkader Benchamma,Person
Abdul Aziz,Person
Abdul Ghafur Sheikh,Person
Abdul Latif,Person
Abdul Nasser,Person
Abdulaziz Ashour,Person
Abdulhalim Radwi,Person
Abdullah Al Saadi,Person
Abdullah Al-Mazrook,Person
Abdullah Al-Ogaili,Person
Abdullah Al-Othman,Person
Abdullah Al-Shaikh,Person
Abdullah Hammas,Person
Abdullah Idrees,Person
Abdullah Nawawi,Person
Abdullah Riza,Person
Abdulmajid Ali Al-Jarouf,Person
Abdulnasser Al-Amri,Person
Abdulrahman Soliman,Person
Adam Carr,Person
Adel Abdessemed,Person
Adel Abidin,Person
Adele Ne Jame,Person
Adele NeJame,Person
Adila Laidi-Hanieh,Person
Adrian Paci,Person
Agnes Janich,Person
Ahaad Alamoudi,Person
Ahmad Amin Nazar,Person
Ahmad Amin-Nazar,Person
Ahmad Angawi,Person
Ahmad Ghossein,Person
Ahmad Konash,Person
Ahmad Morshedloo,Person
Ahmed Alsoudani,Person
Ahmed El Attar,Person
Ahmed Felemban,Person
Ahmed Foula,Person
Ahmed Mater,Person
Ahmed Moustafa,Person
Ahmed Tayseer Badrah,Person
Aisha Khalid,Person
Akbank Sanat,Person
Akram Zaatari,Person
Al Abdali,Person
Al Ain,Person
al Athar,Person
Al Attar,Person
Al Baha,Person
Al Bassam,Person
Al Bassan,Person
Al Bastakiya,Person
Al Dirany,Person
Al Dori,Person
Al Feneiq,Person
Al Funun,Person
Al Hada,Person
Al Hoash,Person
al Islamiyyah,Person
Al Jeraibi,Person
Al Jubail,Person
Al Khozama,Person
Al Ma,Person
Al Malhi,Person
Al Manama,Person
Al Mansouria,Person
Al Matal,Person
Al Mizan,Person
Al Mohtaraf,Person
Al Nasser,Person
Al Nitaq,Person
Al Qadiri,Person
Al Riwaq,Person
Al Saadi,Person
Al Salam,Person
Al Salamiya,Person
Al Sharqi,Person
Al Shuyook,Person
Al Solh,Person
Al-Aajam,Person
Al-Adha,Person
Al-Alamya,Person
al-Arabiya,Person
Al-Bassam,Person
Al-Dawadmi,Person
Al-Dowayan,Person
Al-Ghalayini,Person
Al-Hamlet,Person
Al-Ibrashy,Person
al-Ibrashy,Person
al-Imam,Person
Al-Jeraibi,Person
Al-Khobar,Person
Al-Khober,Person
Al-Khuzaim,Person
Al-Mahmal,Person
Al-Mansouria,Person
Al-Miftaha,Person
Al-Mohtaraf,Person
Al-Murr,Person
Al-Saquabi,Person
Al-Thani,Person
Al-Washim,Person
Al-Watan,Person
Ala Ebtekar,Person
Alan Bishop,Person
Alberto Duman,Person
Alessandro Petti,Person
Alexandar Ugay,Person
Alexander Markov,Person
Alexis Bhagat,Person
Aleya Hamza,Person
Alfred Ladzekpo,Person
Alfredo Aquilizan,Person
Alfredo Jaar,Person
Alfredo Juan,Person
Alfredo Juan Aquilizan,Person
Ali Al-Ruzaiza,Person
Ali Al-Tokhais,Person
Ali Essafi,Person
Ali Jabri,Person
Alice Mogabgab,Person
Almagul Menlibayeva,Person
Altındere,Person
Am Rein,Person
Amadeo de Souza-,Person
Amar Kanwar,Person
Amin Nazar,Person
Amina Menia,Person
Amino Belyamani,Person
Amir H. Fallah,Person
Ammar Al Attar,Person
Ammar Bouras,Person
Amnah Alireza,Person
Ana Torfs,Person
Ana Vidigal,Person
Anawana Haloba,Person
Andreas Gursky,Person
Andreas Huber,Person
Andrei Ujică,Person
Andrés Denegri,Person
Andy Warhol,Person
Aneh Mohammad Tatari,Person
Angela Harutyunyan,Person
Angelica Mesiti,Person
"Angelica Mesiti ",Person
Aniko Boehler,Person
Ann Coxon,Person
Ann Sappenfield,Person
Anna Boghiguian,Person
Anna Livion-,Person
Anne Barlow,Person
Anri Sala,Person
Ante Zaninović,Person
Anthony Caro,Person
Antje Weitzel,Person
Anton Kern Gallery,Person
Anton Vidokle,Person
Antonio Jose Guzman,Person
Antonio Ratti,Person
"Apichatpong Weerasethakul ",Person
Aras Özgün,Person
Arefeh Riahi,Person
Aronofsky,Person
Arthur M. Sackler,Person
Artur Żmijewski,Person
Arwa Abouon,Person
Ashkan Sepahvand,Person
Atfal Ahdath,Person
Autumn Dance,Person
Awadh Al-Hamzani,Person
Ayman Baalbaki,Person
Ayman Mahawi,Person
Ayman Ramadan,Person
Ayman Yossri Daydban,Person
Ayreen Anastas,Person
Ayşe Erkmen,Person
Azadikhah,Person
Azin Feizabadi,Person
Babak Golkar,Person
Babatunde,Person
Badriya Nasser,Person
Bae Young-whan,Person
Bahar Behbahani,Person
Bahman Kiarostami,Person
Bahman Mohassess,Person
Bakbou Sam,Person
Bakr Sheikhoon,Person
Balufu Bakupa Kanyinda,Person
Barry Doupé,Person
Barry Harris,Person
Baseem Al Sharqi,Person
"Basim Magdy ",Person
"Basir Mahmood ",Person
Basma Al Sharif,Person
Basmah Felemban,Person
Başak Ertür,Person
Ben Davis,Person
Benjamin Smoke,Person
Bettina Pehrsson,Person
Bijoy Jain,Person
Bill Meyers,Person
Bita Fayyazi,Person
Bjørn Melhus,Person
Bob Landry,Person
Bouchra Khalili,Person
Brian Boucher,Person
Bride Stripped,Person
Brigitte Bardot,Person
Brigitte Perkins,Person
Brigitte Schenk,Person
Burak Arikan,Person
Calder Saché,Person
Camille Zakharia,Person
CAMP,Person
Carlos  Amorales,Person
Carlos Amorales,Person
Carrie Springer,Person
Carsten Höller,Person
Carsten Nicolai,Person
Caspar David Friedrich,Person
Cassia Assia,Person
Catherine Deneuve,Person
CCA Glasgow,Person
Cecilia Widenheim,Person
Cesar Meneghetti,Person
Cevdet Erek,Person
Chai Siri,Person
Chambre Claire,Person
Chang Tsong-zung,Person
Charles Lim,Person
Charles Mingus,Person
"Charwei Tsai ",Person
Chiara Guidi,Person
Chris Dercon,Person
Chris Gehman,Person
Christian Bernard,Person
Christian Dior,Person
Christian Lecompte,Person
Christian Phalange,Person
Christine De Smedt,Person
Claude Bernard,Person
Claude Monet,Person
Claudia Joskowicz,Person
Claus Prize,Person
Contemporanea,Person
Corvi Mora,Person
Crystal Series,Person
Curtis Fuller,Person
Dan Brault,Person
Daniel Birnbaum,Person
Daniel Garcia,Person
Daniel Shore,Person
Daniel Wetzel,Person
Daouda Coulibaly,Person
Darek Oles,Person
Darren Aronofsky,Person
David Claerbout,Person
David Douglas Duncan,Person
David Kristian,Person
David Lachapelle,Person
David Reinfurt,Person
David Spriggs,Person
David Thorne,Person
Delfina Entrecanales,Person
della Sapienza,Person
Derek Ogbourne,Person
des Abattoirs,Person
Dhafir Al-Hamsan,Person
Dia Al-Azzawi,Person
Dia Aziz Dia,Person
Dimi Mint Abba,Person
Dirk Fleischmann,Person
DJ Rupture,Person
Djamel Kokene,Person
Djumaliev,Person
Doa Aly,Person
Donald Byrd,Person
Doris Bittar,Person
Doris Margarete,Person
Doug Ashford,Person
Doug Henders,Person
Driss Ouadahi,Person
Ebtisam Abdulaziz,Person
EDEN,Person
Eden,Person
Edgar Endress,Person
Edit Molnar,Person
Eduard Puterbrot,Person
Eduardo Terrazas,Person
Edward Said,Person
Edward Steichen,Person
EFFAT ABDULLAH FADAG,Person
Eiman Elgibreen,Person
Elena Kovylina,Person
Elias Zayat,Person
Elizabeth Peyton,Person
Ellen Auerbach,Person
Elnaz Farajollahi,Person
Eman Jibreen,Person
Emile Hirsch,Person
Emily Jacir,Person
Enrique Ramirez,Person
Erkka Nissinen,Person
Ernie Farrell,Person
Essam Jameel,Person
Eugene Delacroix,Person
Eugenio Dittborn,Person
Eungie Joo,Person
Eva Klabin,Person
Eva Meyer-Keller,Person
Eyad Maghazil,Person
Eyal Weizman,Person
Fabienne Dumont,Person
Fabio Mauri,Person
Fahd Al-Hijilan,Person
Fahd Al-Khalif,Person
Fahda bint Saud,Person
Faisal Khudaidi,Person
Faisal Samra,Person
Farhad Ahrarnia,Person
Farhad Moshiri,Person
Farshid Maleki,Person
Fateh Moudarres,Person
Fatima Al Qadiri,Person
Fayçal Baghriche,Person
Fernand Léger,Person
Fernando José Pereira,Person
Firoz Mahmud,Person
Florence Guerlain,Person
Florence Paradéis,Person
Florencia Bazzano-,Person
Fouad Elkoury,Person
Franca de Xira,Person
Francesca Minini,Person
Frank Bretschneider,Person
Fred Eerdekens,Person
Fred Tomaselli,Person
Fredrik Liew,Person
Frida Kahlo,Person
Fujiko Nakaya,Person
Fumito Urabe,Person
Gabriel Lester,Person
Gabriela Golder,Person
Gabriela Mistral,Person
Gao Shiming,Person
George Maciunas,Person
Georgina Van Welie,Person
Ghada Al-Hassan,Person
Gilbert Hage,Person
Gisela Capitain,Person
Giuseppe Moscatello,Person
Golnaz Fathi,Person
Graziella Rizkallah Toufic,Person
Guillaume Cassar,Person
Gulnara Kasmalieva,Person
Guy Brett,Person
Habib Engqvist,Person
Haegue Yang,Person
Haifa Al-Mutawa,Person
Haig Aivazian,Person
Hala Ali,Person
Hala Elkoussy,Person
Haleh Redjaian,Person
Halla Bint Khalid,Person
Hamilton Fulton Visiting,Person
Hamlin Baker,Person
Hamra Abbas,Person
Hamza Serafi,Person
Hana Hajjar,Person
Hanan Abdullah Bahamdan,Person
Hanan Al-Faisal,Person
Hani Al Ghayhab,Person
Hani Alireza,Person
Hans Haacke,Person
Hans Spinner,Person
Haris Epaminonda,Person
"Haroon Mirza ",Person
Harrell Fletcher,Person
Harun Farocki,Person
Hasan and Husain Essop,Person
Hashim Mohammad Al,Person
Hassan Hajjaj,Person
Hassan Hakmoun,Person
Hassan Massoudy,Person
Hassan Sharif,Person
Hatem Imam,Person
Haytham el Wardany,Person
Hayv Kahraman,Person
Heide Museum,Person
Helena Holmberg,Person
Heman Chong,Person
Hend Al-Mansour,Person
Henry Kleine,Person
Herbert F. Johnson,Person
Herbie Fields,Person
Hesam Rahmanian,Person
Hicham Ayouch,Person
Hiroyuki Masuyama,Person
Houman Mortazavi,Person
Houman Pourmehdi,Person
Hrair Sarkissian,Person
Hu Xiangqian,Person
Huda Beydoun,Person
Huda Lutfi,Person
Huda Totonja,Person
Huda Totonji,Person
Hugh Lawson,Person
Hugo Boss,Person
Hussein Al-Mohasen,Person
Ibghy,Person
Ibrahim Abumsmar,Person
Idris Khan,Person
Iman Issa,Person
Iman Raad,Person
Imran Qureshi,Person
Isabel Aquilizan,Person
Isabel Carlos,Person
Ismaïl Bahri,Person
Işıl Eğrikavuk,Person
Jacob Fabricius,Person
Jacob Javitz,Person
Jacoba van Heemskerk,Person
Jacques Rancière,Person
Jakob Fenger,Person
Jalal Toufic,Person
Jamal Al Kebasi,Person
James Gallery,Person
James Stirling Memorial,Person
Jan Hoet,Person
Jananne Al-Ani,Person
Jane & Louise Wilson,Person
Jane Wilson,Person
Janet Hagopian,Person
Javad Azimi,Person
Jawad Al Malhi,Person
Jayce Salloum,Person
Jean Philippe Rykiel,Person
"Jean-Luc Moulène ",Person
Jean-Paul Gaultier,Person
Jem Cohen,Person
Jenine Sharabi,Person
Jenna Bass,Person
Jens Hoffmann,Person
Jeremy Irons,Person
Jerome Bel,Person
Jesper Just,Person
Jessica Mein,Person
Jessica Morgan,Person
"Joana Hadjithomas ",Person
Joe Jackson,Person
Johannes Lekkerkerk,Person
John Zorn,Person
Jonathas de Andrade,Person
Jorge Tacla,Person
Joseph Beuys,Person
Josephine Meckseper,Person
José Luis Martinat,Person
João Vasco Paiva,Person
Juan Araujo,Person
Judith Barry,Person
Judith Butler,Person
Julia Greber,Person
Julia Meltzer,Person
Julia Stoschek,Person
Julian Lede,Person
Juliana Engberg,Person
Juliette Binoche,Person
Jumana Emil Abboud,Person
Jun Yang,Person
June Paik,Person
Jüdisches Leben,Person
Jürgen Böttcher,Person
K Darwin,Person
K. Ghent,Person
Kader Attia,Person
Kamal Al-Muallim,Person
"Kamarstudios ",Person
Kameel Hawa,Person
Kamel Mennour,Person
Kamran Shirdel,Person
Kara Walker,Person
Karim Aïnouz,Person
Karim Ziad,Person
Karin Sander,Person
Karl-Marx-,Person
Kasmalieva,Person
Kassab Bachi,Person
Kazuyo Sejima,Person
Keith Haring,Person
Keith Shiri,Person
Kenny Burrell,Person
Khadim Ali,Person
Khaled Akil,Person
Khaled Al-Faisal,Person
Khaled Hourani,Person
Khaled Jarrar,Person
Khaled Sabsabi,Person
Khalid Al-Harbi,Person
Khalid Içame,Person
Khalid Khidr,Person
Khalil Joreige,Person
Khalil Rabah,Person
Kristin Scott Thomas,Person
Laleh Khorramian,Person
Lamia Joreige,Person
Lamya Gargash,Person
Lani Maestro,Person
Lantian Xie,Person
Lara Baladi,Person
Lara Favaretto,Person
Larissa Sansour,Person
Larry Koonse,Person
Latifa Echakhch,Person
Lauren Rosati,Person
Laurence Weiner,Person
Laurent Grasso,Person
Lawrence Weiner,Person
Le Bal,Person
Lee Kit,Person
Leif Magne,Person
Leila Fatemi,Person
Leila Heller,Person
Leila Pazooki,Person
Leon Boyadjian,Person
Leonardo da,Person
Lili Dujourie,Person
Liliana Porter,Person
Lina Saneh,Person
Liu Wei,Person
Lize Mogel,Person
Lora Reynolds,Person
Lord Byron Meets,Person
Lori Ledis,Person
Louis Hayes,Person
Louisa Buck,Person
Louise Wilson,Person
Luc Sante,Person
Lulwah Al-Homoud,Person
Luz Maria Bedoya,Person
Luz María,Person
Lynn Love,Person
"Lúcia Koch ",Person
M. Jassim,Person
M. Qattan,Person
M.K. Ghandi,Person
Maalem Abdelkébir Merchane,Person
Madame Satã,Person
Magda Danysz,Person
Magdi Mostafa,Person
Maha Al-Khalawi,Person
Maha Maamoun,Person
Maha Malluh,Person
Mahdi Al Jeraibi,Person
Mahmoud Bakhshi,Person
Mahmoud Refat,Person
Mai Al Ibrashy,Person
Maider López,Person
Maja Wismer,Person
Manal Al Dowayan,Person
Manal Al-Harbi,Person
Manal Dowayan,Person
Manuela Moscoso,Person
Marcel Duchamp,Person
Marcel Odenbach,Person
Marcel Schwierin,Person
MARCO,Person
Maria Lind,Person
Maria Sibylla,Person
Mariam Ghani,Person
Marie-Hélène Cauvin,Person
Marilou Lemmens,Person
Marina Sorbello,Person
Mario Rizzi,Person
Mario Testino,Person
Mark Aerial,Person
Mark Lombardi,Person
Marlene Dumas,Person
Martin Prinoth,Person
Martin Prinothb,Person
Martina Mahlknecht,Person
Martina Mahlknechtb,Person
Marwa Rustam,Person
Marwan Kassab Bachi,Person
Marwan Rechmaoui,Person
Massoud Massoumi,Person
Mats Stjernstedt,Person
Matt Saunders,Person
Maurice Maeterlinck,Person
MCA Collection,Person
Mehrdad Mohebali,Person
Melik Ohanian,Person
Melissa Chimera,Person
mentalKLINIK,Person
Meriç Algün Ringborg,Person
Merry Christmas,Person
Michael Clark,Person
Michael Nyman,Person
Michael Porter,Person
Michael Rakowitz,Person
Michael Stevenson,Person
Miguel Gutierrez,Person
Mika Vainio,Person
Miki Kasahara,Person
Mildred Lane,Person
Miles Davis,Person
Milica Tomić,Person
Milt Jackson,Person
Minnie Mouse,Person
Minouk Lim,Person
Miriam Bäckström,Person
Moataz Nasr,Person
Moayad Hakim,Person
Mohamad Rahimi,Person
Mohamed Abdelkarim,Person
Mohamed Ali Fadlabi,Person
Mohamed Bourouissa,Person
Mohamed El Mahdaoui,Person
Mohammed Al Ghamdi,Person
Mohammed Bourouissa,Person
Mohammed El,Person
Mohammed Habib Mohammedi,Person
Mohammed Kamel,Person
Mohammed Kazem,Person
Mohammed Makki,Person
Mohsen Ahmadvand,Person
Mona Hatoum,Person
Mona Lisa,Person
Mona Liza,Person
Mona Marzouk,Person
Monica DeCardenas,Person
Monica Narula,Person
Monika Börgmann,Person
Monir Shahroudy Farmanfarmaian,Person
Monte Carlo,Person
Monya Rowe,Person
Mort Aux,Person
Morteza Ahmadvand,Person
Mostafa Darehbaghi,Person
MOSTYN,Person
Mouna Karray,Person
Mounir Al-Shaarani,Person
mounir fatmi,Person
Mounira Al Solh,Person
Mozart,Person
Mr. Lawrence,Person
Muhamad Haider,Person
Muhammad Qadri,Person
Muhammad Sabri,Person
Muratbek Djumaliev,Person
Murtaza Vali,Person
Musaed Alhulis,Person
Museo Amparo,Person
Mustapha Benfodil,Person
Muzamil Choudhury,Person
Myrtle Winter Chaumeny,Person
N.S. Harsha,Person
Nacera Belaza,Person
Nadia Ayari,Person
Naeem Mohaiemen,Person
Nancy Wished,Person
Naomi Shihab,Person
Nargess Hashemi,Person
Nasir Nasrallah,Person
Nasser Al Maimoon,Person
Nasser Al-Salem,Person
Nasser ben Ibrahim Aldubaihi,Person
Nastaran Safaei,Person
NCA Gallery,Person
NEA Regional,Person
Neda Razavipour,Person
Nelson Soares,Person
Nevin Aladag,Person
NGO Toxics,Person
Nick Teplov,Person
Nicolas de Staël,Person
Nida Sinnokrot,Person
Nigel Prince,Person
Nika Oblak,Person
Nikolai Kinski,Person
Nikolaj Bendix,Person
Nil Yalter,Person
Ninar Esber,Person
Nishizawa,Person
Niyaz-Azadikhah,Person
Nobleman Faisal,Person
Noha Al-Sharif,Person
Noha Faoud Al-Ghalib,Person
Noma Omran,Person
Noor Exhibition,Person
Nora Almazrooa,Person
Nouf Alhimiary,Person
Noura Bouzo,Person
O Desejo,Person
O Grivo,Person
O.K Centre,Person
Okwui Enwezor,Person
Ola Hejazi,Person
Olaf Bender,Person
Olafur Eliasson,Person
Old Abdullah,Person
Olive Tree,Person
Olive Trees,Person
Omar Berrada,Person
Omar Khayyam,Person
Omar Onsi,Person
Omar Ouartilane,Person
Omar Rajeh,Person
Omar Sharif,Person
Oraib Toukan,Person
Otobong Nkanga,Person
OZU Space,Person
Pablo Lobato,Person
Pablo Picasso,Person
Panos Tsagaris,Person
Pascal Hachem,Person
Pascal Marthin,Person
Pascale Marthine Tayou,Person
Patrice Lumumba,Person
Patti Smith,Person
Paul Chambers,Person
Paul Klee,Person
Paul Virilio,Person
Pearl Award,Person
Pearl Divers,Person
Peggy Chun,Person
Peters,Person
Peyman Hooshmandzadeh,Person
PHILIP,Person
Pierre Bonnard,Person
Port Dickson,Person
Pouran-Jinchi,Person
Pouya Parsamagham,Person
Predrag Pajdic,Person
Primož Novak,Person
Prince Claus Award,Person
Prince Pierre,Person
Querelle des,Person
Raafat Ishak,Person
Raana-Farnoud,Person
Rabih Mroué,Person
Raed Yassin,Person
Raeda Ashour,Person
Raeda Saadeh,Person
Raffaello Sanzio,Person
Raffie Davtian,Person
Ramin Haerizadeh,Person
Ramtin Zad,Person
Rana Begum,Person
Rania Attieh,Person
Rania Moudaress,Person
Rania Stephan,Person
Raqs Media Collective,Person
Rasha Salti,Person
Rasheed Araeen,Person
Rashid Butt,Person
Rashid Masharawi,Person
Rasmus Nielsen,Person
Ravi Agarwal,Person
Rayyane Tabet,Person
Rebecca Horn,Person
Reem Al Ghaith,Person
Reem Al-Faisal,Person
Reena Saini,Person
Regina José Galindo,Person
Reza Aramesh,Person
Rich Mix,Person
Richard Ibghy,Person
Richard III,Person
Rika Noguchi,Person
Rimini Protokoll,Person
Rio Grande,Person
Riyadh Hewar,Person
Roberto Bellini,Person
Roberto Rossellini,Person
Roger Bissière,Person
Rokni Haerizadeh,Person
Romeo Castellucci,Person
Rosa Issa,Person
Rosalind Nashashibi,Person
Rose Issa,Person
Rosemary Heather,Person
Roy Eldridge,Person
Rula Halawani,Person
Runa Islam,Person
Ryan McGinley,Person
Ryoji Ikeda,Person
Ryue Nishizawa,Person
Ryuichi,Person
Ryuichi Sakamato,Person
S. Hassan,Person
Saba Innab,Person
Saddek Wasil,Person
Saddiek Mohammed Wasil,Person
Saeed Salem,Person
Safeya Binzagr,Person
Sahand Hesamiyan,Person
Saint Nicolas,Person
Saleh Alzayer,Person
Saloua Raouda Choucair,Person
Salvador,Person
Salwa Aleryani,Person
Sam Shalabi,Person
Sama Alshaibi,Person
Samah Hijawi,Person
Samer Omran,Person
Sami Angawi,Person
Samiah Khashoggi,Person
Samir Sayegh,Person
Samira Badran,Person
Samuel Vanhoegaerden,Person
Sandi Hilal,Person
Santa Ursula,Person
Sara Naim,Person
Sara Ramo,Person
Sarah Al Abdali,Person
Sarat Maharaj,Person
Saskia Neuman,Person
Saud Al-Duribi,Person
Sayat Nova,Person
Saâdane Afif,Person
Sciences,Person
Sean Gullette,Person
Sebastian,Person
Seigen Ono,Person
Sergei Krikalyov,Person
Sergio Motta,Person
Setareh Shahbazi,Person
Shadi Ghadirian,Person
Shadia Alem,Person
Shadia and Raja Alem,Person
Shafic Abboud,Person
Shahriar Ahmadi,Person
Shahrzad Changalvaee,Person
Shahzia Sikander,Person
Shaina Anand,Person
Shalima Sharbatli,Person
Shantia Zakerameli,Person
Sharif Waked,Person
Shaweesh,Person
Sheela Gowda,Person
Sherif El Azma,Person
Sherin Guirguis,Person
Shilpa Gupta,Person
Shimabuku,Person
Shinichiro Ogata,Person
Shirin Aliabadi,Person
Shirin Neshat,Person
Shiro Takatani,Person
Shohreh Mehran,Person
Shumon Basar,Person
"Sille Storihle ",Person
Simin Keramati,Person
Simohammed Fettaka,Person
Simon Fujiwara,Person
Simon Preston Gallery,Person
Simon Starling,Person
Simone Bitton,Person
Simone Fattal,Person
Simryn Gill,Person
Sir J. J. School,Person
Sirine Fattouh,Person
Skyum Larsen,Person
Slavs and Tatars,Person
Sliced Sky,Person
Sohrab Mohebbi,Person
Sol LeWitt,Person
Solange Farkas,Person
Solange Oliveira,Person
Sophia Al Maria,Person
Sophie Calle,Person
Sophie Ernst,Person
Sora Kim,Person
Soraya Darwish,Person
SOSO arte,Person
Spencer Brownstone,Person
St. Katherine,Person
Standish Lawder,Person
Stefan Kaegi,Person
Stephanie,Person
Stephen Lawrence Gallery,Person
Steve Reinke,Person
Steve Rushton,Person
Steve Turner,Person
Sue Crockford,Person
Sujata Goel,Person
Sulayman Al Bassam,Person
Sultan Al Owais,Person
SUNY Purchase,Person
"SUPERFLEX ",Person
Susan Hefuna,Person
Suzanne Cotter,Person
Svetlana Alexievich,Person
Tagreed Al-Bagshi,Person
Taha Al-Sabban,Person
Tahani Al-Briki,Person
Talal Al-Zeid,Person
Tanbak,Person
Tarek Atoui,Person
Tarek Halaby,Person
Taus Makhacheva,Person
Taysir Batniji,Person
Teboho Mahlatsi,Person
Tem Prize,Person
Terry Riley,Person
Thad,Person
The Ministry for State Security (Ministerium für Staatssicherheit),Person
Theo Eshetu,Person
Theodore Géricault,Person
Thilo Frank,Person
Thomas Demand,Person
Thomas Erben,Person
Thomas Werner,Person
Tiffany Chung,Person
Ting-Yu,Person
Tintin Wulia,Person
Tom Molloy,Person
Tom Taylor,Person
Tommy Flanagan,Person
Tony Chakar,Person
Tracey Emin,Person
Tracy Enim,Person
Translation,Person
Treasure Cave,Person
Trisha Donnelly,Person
Ulrich Kurtz,Person
Urban Culture,Person
Ursula Biemann,Person
V Habana,Person
Valeska Soares,Person
Valia Fetisov,Person
Van Beeldende,Person
Van Beuningen,Person
Van Leo,Person
Vartan Avakian,Person
Vic Chesnutt,Person
Vijay Prashad,Person
Vincenz Sala,Person
Vinny Golia,Person
Vishwa Bharati,Person
Vitoria-Gasteiz,Person
Wael Shawky,Person
Wafa Al-Mihdar,Person
Wafa Hourani,Person
Wafa Karsha,Person
Wafaa Bilal,Person
Waheeda Malullah,Person
Waleed Alzuhair,Person
Walid Raad,Person
Walid Sadek,Person
Walid Siti,Person
Walker Evans,Person
Wang Jianwei,Person
Wendi Norris,Person
"What, How & for Whom",Person
Will Al Jeraibi,Person
Will Carry Us,Person
William Emanuel Huddleston,Person
William Shakespeare,Person
William Turner,Person
Wim Wenders,Person
Winter Video-,Person
Wissam Shawkat,Person
X Blind,Person
X El,Person
Yamuna-Elbe,Person
Yang Fudong,Person
Yang Shaobin,Person
Yazan Khalili,Person
Yazid Oulab,Person
Yonamine,Person
Younès Rahmoun,Person
Yousef Jaha,Person
Youssef Abdelkė,Person
Youssef Nabil,Person
YOVO! YOVO!,Person
Yto Barrada,Person
YU-ICHI Calligraphien,Person
Yu-ichi Inoue,Person
Yuk King Tan,Person
Yuko Hasegawa,Person
Yusef A. Lateef,Person
Yusef Lateef,Person
Zahra Bu Ali,Person
Zaina Zahid,Person
Zaman M Jassim,Person
Zanny Begg,Person
Zbyněk Baladrán,Person
Zena el Khalil,Person
Zhang Hui,Person
Ziad Abillama,Person
Ziad Antar,Person
Ziad Dalloul,Person
Zineb Sedira,Person
Érik Bullot,Person
Žilnik Želimir,Person
Berlin Biennial,Organization
British Museum (London),Organization
Camberwell College of Art,Organization
Centre Pompidou (Paris),Organization
Abdulnasser Gharem,Person
Erin Ellen Kelly,Person
"Jumana Manna ",Person
Marcelino Botín,Person
"Matthew Barney ",Person
René Gabri,Person
Francis  Alÿs,Person
Halil Altındere,Person
